,EDU,HISP,INDP_CAT,MSP,OWN_RENT,PINCP_DECILE,PUMA,RAC1P,SEX
0,-0.5711275826037833,0.09765649436928037,-0.5004442530985022,-0.2982862216892412,0.004362825624502346,-0.5535746002048513,0.057163613945357725,0.12286875986066811,0.00539349972821165
1,-0.025747737539155262,0.586234444740891,0.2035536556854684,0.20483595690526243,0.49800452564231923,-0.033267289279768464,0.035718054410578286,0.5505229960803368,0.1371415367652655
2,-0.027387643779077517,0.2879531448740117,0.10222790078216862,-0.2341882989942829,-0.028306563639922632,0.14753638134549604,0.8607935323039907,-0.23521682401783867,-0.17938086664464994
3,-0.01128999682738061,0.12662160088742813,-0.09007063761035461,0.0888490747364934,-0.151363727070001,0.0963678279218968,-0.15395168477612325,0.24738566200910525,-0.9223524842354351
4,0.04110511941977822,0.34044241752763593,-0.01468968702702192,0.3471448576965249,-0.8096861230088342,-0.1131633094376715,0.0742934242819332,0.17733010918457998,0.2373203688359228
