,AGEP,HISP,MSP,NOC,NPF,OWN_RENT,PINCP_DECILE,POVPIP,PUMA,RAC1P,SEX
0,-0.41840829409804686,0.07317519200018363,-0.3607321473356718,0.540657146787755,0.5055806361880879,0.12104875481954552,-0.3123478388545558,-0.11426033918891115,0.02295619046668217,0.12398031953303609,-0.019046616995424568
1,-0.25579200990861595,0.0016666730213687475,0.009929854513860989,-0.0496864050532006,0.03200620299598324,-0.6646642095559374,-0.17883989153404856,0.6670922851266559,-0.07846254514826241,0.0774074914130367,-0.007301103883567861
2,-0.2914974127446675,0.4182481468178717,0.39571557911386157,-0.12821803866304554,-0.277979720330037,0.1305062551420288,-0.409929210372732,-0.16876846288925773,-0.27186216017245707,0.38408141027121134,0.2341156510706383
3,0.05343975209419834,0.3857777712473674,-0.06015818723000464,0.027008586046663202,0.06677477280481857,0.09026285570298251,0.410391284266418,0.13367331415554934,-0.26554517621050194,0.40749501736911153,-0.6391470789929389
4,-0.1742482098345299,0.26530503985093445,0.2374361690560997,-0.07779795887900878,-0.0376683177439415,-0.05257212104997711,-0.10699927780712121,-0.057013507048680176,0.835423838735684,-0.039270212451158144,-0.34418757239762005
