,AGEP,DEYE,HISP,MSP,NOC,NPF,OWN_RENT,PINCP_DECILE,POVPIP,PUMA,RAC1P,SEX
0,-0.37939206594301234,0.055550132596846824,0.10346063208355699,-0.3315259817499765,0.5077179706325321,0.47860172097377773,0.19328919095959818,-0.34886607997624686,-0.2469571543224856,0.0808540638518671,0.13473883570214548,0.02787644921203914
1,0.06928418939533353,-0.1649233219013687,0.23855175616384214,0.3627695432271122,-0.11361245616284153,-0.2352388882584241,0.5727092974150888,-0.0687388187284634,-0.5635153330188848,-0.05259663918370725,0.2112491840208372,0.11654644177421655
2,-0.44507739238751803,0.1962525536154609,0.3255300405212958,0.29317169565637263,-0.1697339570477343,-0.17184883979101262,-0.2544533858809634,-0.364932546890667,0.2771655706994931,-0.19202123017182238,0.44413234200938917,-0.06527807176604013
3,0.17710503691009527,0.041160216451771384,0.6121680156752641,-0.09869138110858983,-0.015479222032566563,0.08601373655207922,-0.010580164115227823,0.31312495573208715,0.10106130990737727,0.6040627269828771,0.21831909546723766,-0.2321302079882694
4,0.08907735788191061,-0.5526733208319304,0.15216175196416154,-0.07727457619430134,-0.09556726832954265,-0.007237575499861287,-0.3040656197518812,-0.31242843855794433,0.03771909914884679,0.24391226221253196,-0.022779424641610785,0.6299246986516687
