,DVET,EDU,HOUSING_TYPE,MSP,OWN_RENT,PINCP_DECILE,RAC1P,SEX
0,-0.09031920309991073,-0.6526079752061514,-0.0634945851477846,-0.3458156832193625,0.10305849230679989,-0.6267725044602083,0.18780472030073342,0.059914814478984724
1,-0.03223277540441695,-0.09494912511478701,0.707072878146798,0.1837088015788373,-0.6381895809962017,-0.20106775295700274,-0.06955819892601493,-0.060763537028543924
2,0.6191160860933855,-0.10489808312742255,-0.07171062381599602,-0.37688464205704886,-0.14229518646533387,0.07709388088563332,-0.2564692480512386,-0.6054249378352947
3,0.22628227339519708,-0.03105127250116523,0.10700090777168733,0.44675068618101743,0.21624730141007295,-0.0465445845624836,0.7181067812911175,-0.4149579958266416
4,0.7400568506373802,0.023716331941203705,0.053079728370675816,0.07121889655772679,-0.0061038882591192035,-0.0875446420172078,0.0898529854643586,0.6542850478487735
