,AGEP,DEYE,DVET,HOUSING_TYPE,MSP,OWN_RENT,RAC1P,SEX
0,0.4025449275109372,-0.24057956382886847,0.026854821420547348,0.6029498198402191,0.270938696141111,-0.5707516193430072,-0.1172320091112295,0.05385959631002045
1,-0.5242443349203916,0.3280157877076993,-0.24801540082932028,0.3546461768583406,-0.2282227496856639,-0.36399482809215855,0.4775093290664581,-0.13302237711071047
2,0.03675391347035462,0.08422650268926919,0.6886003477228712,-0.011405755247367491,-0.1928315803619898,-0.13715984408870155,-0.03701345591719765,-0.6781501889834234
3,-0.04317852002651608,-0.1773546217188131,0.10094186302733402,0.0580698234214519,0.6918149769417987,0.2990083787575468,0.5832789207533959,-0.21187571162411392
4,-0.08228848862019762,-0.8314950581456451,0.024523623906685166,-0.007543446962837208,-0.46273615268313334,0.008665838568555906,0.29328873164021935,0.031114905321468128
