,AGEP,HISP,MSP,NOC,NPF,OWN_RENT,PINCP_DECILE,POVPIP,PUMA,RAC1P,SEX
0,-0.4184082940980473,0.07317519200018308,-0.3607321473356718,0.5406571467877549,0.5055806361880878,0.12104875481954509,-0.31234783885455597,-0.11426033918891046,0.02295619046668194,0.12398031953303584,-0.019046616995424318
1,-0.2557920099086156,0.0016666730213686365,0.009929854513860529,-0.04968640505320143,0.03200620299598311,-0.6646642095559369,-0.17883989153404728,0.6670922851266562,-0.07846254514826165,0.07740749141303542,-0.007301103883569266
2,-0.29149741274466884,0.4182481468178708,0.3957155791138628,-0.12821803866304526,-0.27797972033003737,0.1305062551420273,-0.40992921037273344,-0.16876846288925673,-0.2718621601724563,0.3840814102712099,0.23411565107063936
3,0.05343975209419704,0.38577777124736834,-0.060158187230003365,0.027008586046662925,0.06677477280481764,0.09026285570298356,0.41039128426641597,0.1336733141555478,-0.26554517621050455,0.4074950173691102,-0.6391470789929392
4,-0.17424820983452802,0.2653050398509387,0.2374361690560976,-0.07779795887900859,-0.03766831774394058,-0.05257212104997759,-0.10699927780711986,-0.057013507048680225,0.8354238387356846,-0.03927021245115949,-0.3441875723976189
