,AGEP,HISP,MSP,NOC,NPF,OWN_RENT,PINCP_DECILE,POVPIP,PUMA,RAC1P,SEX
0,-0.4620673165575866,0.17229438035653843,-0.23524154992406804,0.4852564301774992,0.4497517383679854,0.1525676139153604,-0.40389750820632764,-0.2552143140962601,-0.013253438783225196,0.1094517627498815,0.004434341342924121
1,0.04022263831139087,0.1795282170746723,0.41344433077751963,-0.13969336011938271,-0.2838100726392042,0.5779938689345125,-0.08425944050001959,-0.5547096160240308,0.009575165190556931,0.1460651294505459,0.15762969903432816
2,-0.10705523648905002,0.5597321764429584,0.14670291473082464,-0.08323796522869037,-0.06712917640353497,-0.2124491182465416,0.034658861968055565,0.23380931579635195,0.31083017232926885,0.641379330376418,-0.18247447616035384
3,-0.04743752371493469,0.00196717387763152,0.02697304167510352,-0.1359423020290854,-0.11168192354357331,-0.31025322956711954,-0.3980486661739819,0.10449213536054479,-0.0289860632521903,0.0862587314799699,0.8319651020294353
4,0.03849997016229305,0.1032275584706854,0.07154933010311043,-0.05633622718183889,0.01454465147798956,-0.15383582298266904,-0.021778709689942763,-0.04212116724928723,-0.9284815800060374,0.27253681804360264,-0.13072441429581427
