,AGEP,DEYE,DVET,EDU,HOUSING_TYPE,MSP,OWN_RENT,PINCP_DECILE,RAC1P,SEX
0,-0.5028447292406177,0.0430122044912945,-0.07175908242364293,-0.5679702824416617,0.15157002341313902,-0.1487313666316187,-0.0876120031830313,-0.586697455875563,0.13573808015826042,0.046351216136845265
1,0.08304591705250171,-0.10230268734180448,-0.019075772037854325,0.11162185388090891,0.6716988815264696,0.3945644912925197,-0.5978167220009156,-0.022949751126823487,-0.028007983581811363,0.06525117564494226
2,-0.1351379504584558,0.26064593837087396,0.49819505834567035,-0.00603801914197763,0.09158676751919265,-0.06551219753833964,-0.1192457745764153,0.13773881465729884,0.253692098816468,-0.7452083295905247
3,0.22223680784031216,-0.6550436193785872,0.4440294910217577,-0.21438907305983695,-0.027478646941788178,-0.2593302376221266,-0.10001161192989308,-0.11685032394868372,-0.4203788058073038,-0.10010936582182979
4,0.018644768478140603,-0.4635525169019013,0.2676442887071648,0.06380068629860744,-0.003217298954142453,0.2522850174589701,0.23686945384444086,-0.05798365639618558,0.740527597367988,0.1938014389742727
