,AGEP,DEYE,DVET,HOUSING_TYPE,MSP,OWN_RENT,RAC1P,SEX
0,0.09368625905769187,-0.03596741501197609,0.016659690214674096,0.6847440298347519,0.27739047108175696,-0.6455324458595164,-0.142839950284199,-0.0819538574273728
1,0.6810928925787804,-0.4510721439047093,0.3677736037628301,-0.20749360041099188,0.12031325758821565,0.04357433869086075,-0.3704273260260039,0.02729410238594772
2,-0.17250763946824924,0.09594641304460137,0.560322664376353,-0.027678453624708423,-0.3980225225794061,-0.11682718980074497,-0.0557998689049401,-0.6863844906559857
3,-0.10352928426687005,-0.3503937898611852,0.1834831052575739,0.102034206709514,0.5793098135918521,0.28141536332845807,0.5600022122420008,-0.30664622207856207
4,-0.037145057659372996,-0.6146181645653337,-0.014833597886123207,0.07348361466987705,-0.553282405275171,-0.25707691023879564,0.431818966116408,0.2378388150907586
