,AGEP,HISP,MSP,NOC,NPF,OWN_RENT,PINCP_DECILE,POVPIP,PUMA,RAC1P,SEX
0,-0.377129704831815,0.10413523716016837,-0.3314779708948433,0.5079493510979782,0.47857910572319207,0.19554130976462453,-0.3508381593954957,-0.2510332787998802,0.08098020901853575,0.13530945076501028,0.0281588798484059
1,0.052178973524245276,0.24807681582745536,0.38321958823988356,-0.12304575686134088,-0.2486302288219403,0.5784354225419205,-0.06139564421859295,-0.5542800656460344,-0.058284657287333355,0.22155712006781594,0.1176976351241014
2,-0.43936346916089236,0.3184041448230991,0.2641064334945754,-0.16668641207366988,-0.15586776602492747,-0.30641221380058636,-0.3998766337843852,0.2983191300704272,-0.19432893443511415,0.4450536162784221,-0.07160088936239142
3,0.17623700639528617,0.6169614406085207,-0.10171802336394119,-0.018077411561727708,0.08682112931289093,-0.024411995427563365,0.3000068800516079,0.10596731672847208,0.6035702499803832,0.22463869077170093,-0.23129873958019742
4,0.0467049466594211,0.12648154272852027,-0.0004449587317022132,-0.09334062214149226,-0.049240919725059416,-0.19457502251121891,-0.23857217577581674,0.007353049551734224,0.35551282724199323,-0.15737767160474497,0.851291041753914
