,AGEP,DVET,EDU,HOUSING_TYPE,MSP,OWN_RENT,PINCP_DECILE,RAC1P,SEX
0,-0.5235279923444452,-0.1133004839739854,-0.5577994184152771,-0.05393228622651298,-0.24114403751438784,0.12454740422459948,-0.5554133596418106,0.12625067651263144,0.030770485285244134
1,0.022622226640371404,-0.11614040433815764,-0.0836643778057557,0.7126341935240592,0.1134779441436437,-0.6501150015339168,-0.16473139116611746,0.03720913143712257,0.0842894401710544
2,-0.07026686994033574,0.5816628730852498,-0.1087224726864256,0.055045868916240207,-0.2726271015977948,-0.19459366359478503,0.10109980859063594,0.0647381787106555,-0.7178271461811093
3,-0.14877983393719305,-0.020480818581142337,0.058246309194190236,0.09144406801518816,0.5887213556498365,0.20274174332503883,0.020839705121217203,0.7293127685145646,-0.21368666374245254
4,0.18534594678289984,0.2957129197397274,0.08803527150265197,-0.10462339831565695,-0.4698337605556066,-0.16209588463327818,0.02123537486202437,0.6168881586437812,0.4811275348732189
