,AGEP,DEYE,DVET,HOUSING_TYPE,MSP,OWN_RENT,RAC1P,SEX
0,0.009414790221475719,-0.08831943979062112,-0.02923735809555304,0.6906370314833613,0.3667601357226089,-0.6139090372003236,-0.005546767620573684,0.053372616322116255
1,0.6764790391651735,-0.4555766672153717,0.23250650502939366,-0.1059388623946721,0.1579384249779826,0.052051587796216575,-0.48386310924539194,0.08812644351944923
2,-0.022358566592442473,-0.011012831742905939,0.6772542220367332,0.05599047312268469,-0.13191212218039786,-0.1090680511970269,0.10918006424223155,-0.7045237139315182
3,0.009394112618652573,-0.5683911971129726,0.15697033477407926,0.0026932546617174508,0.16708540393463697,0.18917692681236054,0.7368760023666805,0.21331800993531178
4,0.004654768395407315,-0.33822318566190696,-0.07056847217106255,0.014208352486905426,-0.8277566700621167,-0.41275594533653576,0.0020568442337715043,0.15763507673028504
