,AGEP,HISP,MSP,NOC,NPF,OWN_RENT,PINCP_DECILE,POVPIP,PUMA,RAC1P,SEX
0,-0.41840829409804675,0.0731751920001833,-0.3607321473356724,0.5406571467877552,0.505580636188088,0.12104875481954538,-0.3123478388545556,-0.11426033918891089,0.02295619046668217,0.1239803195330357,-0.019046616995424336
1,-0.2557920099086172,0.0016666730213704128,0.009929854513862699,-0.04968640505320175,0.032006202995982155,-0.6646642095559369,-0.1788398915340504,0.6670922851266554,-0.07846254514826306,0.07740749141303725,-0.007301103883567353
2,-0.29149741274466834,0.41824814681787015,0.39571557911386296,-0.1282180386630451,-0.2779797203300375,0.1305062551420309,-0.40992921037273367,-0.16876846288926037,-0.2718621601724563,0.3840814102712098,0.23411565107064003
3,0.053439752094197636,0.3857777712473698,-0.060158187230005045,0.027008586046662703,0.06677477280481743,0.09026285570298326,0.4103912842664159,0.13367331415554923,-0.2655451762105065,0.407495017369111,-0.6391470789929371
4,-0.17424820983452793,0.2653050398509386,0.2374361690560974,-0.07779795887900842,-0.037668317743940416,-0.05257212104997756,-0.10699927780711897,-0.0570135070486801,0.8354238387356833,-0.03927021245115714,-0.3441875723976202
