,AGEP,DEYE,DVET,EDU,HOUSING_TYPE,MSP,OWN_RENT,PINCP_DECILE,RAC1P,SEX
0,-0.502844729240618,0.04301220449129539,-0.07175908242364279,-0.5679702824416621,0.15157002341313747,-0.14873136663162,-0.08761200318303052,-0.586697455875563,0.13573808015826025,0.04635121613684475
1,0.08304591705250032,-0.10230268734180459,-0.01907577203785418,0.11162185388090742,0.6716988815264698,0.3945644912925187,-0.5978167220009161,-0.02294975112682396,-0.02800798358181076,0.06525117564494208
2,-0.13513795045845634,0.26064593837087857,0.49819505834566813,-0.006038019141977435,0.09158676751919262,-0.06551219753833962,-0.11924577457641525,0.1377388146572993,0.25369209881646354,-0.7452083295905269
3,0.22223680784031097,-0.6550436193785901,0.4440294910217592,-0.21438907305983695,-0.0274786469417881,-0.25933023762212454,-0.100011611929891,-0.11685032394868339,-0.420378805807301,-0.10010936582183189
4,0.018644768478133785,-0.4635525169019078,0.2676442887071527,0.06380068629860627,-0.003217298954142335,0.25228501745898074,0.23686945384444613,-0.05798365639618358,0.7405275973679883,0.1938014389742534
