,AGEP,DEYE,DVET,HOUSING_TYPE,MSP,OWN_RENT,RAC1P,SEX
0,0.09368625905768495,-0.035967415011972426,0.0166596902146703,0.6847440298347537,0.27739047108175396,-0.6455324458595175,-0.1428399502841965,-0.08195385742737196
1,0.6810928925787818,-0.4510721439047125,0.36777360376282553,-0.20749360041098525,0.12031325758821834,0.04357433869085492,-0.37042732602600414,0.027294102385950064
2,-0.1725076394682453,0.09594641304459582,0.5603226643763488,-0.027678453624710275,-0.39802252257941284,-0.11682718980074822,-0.05579986890494524,-0.6863844906559847
3,-0.10352928426687084,-0.35039378986119135,0.18348310525757583,0.10203420670951575,0.579309813591844,0.2814153633284536,0.5600022122420039,-0.3066462220785667
4,-0.03714505765937419,-0.6146181645653316,-0.01483359788613195,0.0734836146698758,-0.5532824052751752,-0.25707691023879653,0.43181896611640214,0.2378388150907635
