,EDU,HISP,INDP_CAT,MSP,OWN_RENT,PINCP_DECILE,PUMA,RAC1P,SEX
0,-0.5711275826037827,0.09765649436927937,-0.5004442530985019,-0.2982862216892421,0.004362825624502291,-0.5535746002048509,0.057163613945356836,0.12286875986066789,0.005393499728212382
1,-0.02574773753915869,0.5862344447408896,0.20355365568546813,0.20483595690526354,0.4980045256423217,-0.033267289279766854,0.035718054410577564,0.5505229960803352,0.13714153676526683
2,-0.027387643779077802,0.28795314487401164,0.10222790078217012,-0.2341882989942842,-0.028306563639921935,0.14753638134549413,0.8607935323039931,-0.2352168240178415,-0.17938086664463782
3,-0.011289996827381797,0.1266216008874338,-0.09007063761035337,0.08884907473649079,-0.1513637270700002,0.0963678279218983,-0.15395168477611307,0.2473856620091022,-0.9223524842354379
4,0.041105119419777264,0.3404424175276392,-0.014689687027022696,0.3471448576965288,-0.8096861230088321,-0.11316330943767304,0.07429342428193085,0.1773301091845774,0.23732036883592267
