,AGEP,DEYE,DVET,EDU,HOUSING_TYPE,MSP,OWN_RENT,PINCP_DECILE,RAC1P,SEX
0,-0.5251615970832848,0.06525346816091626,-0.11259059023351788,-0.5549528123126448,-0.058939223917406386,-0.24157157887476563,0.125993730174802,-0.5520087567508627,0.12658595063201164,0.02924494200067449
1,0.02811765841716362,-0.18658641777119414,-0.11718581844773454,-0.09819642367100939,0.7053995999603047,0.11063300778624477,-0.6234402039734319,-0.1800531014801277,0.03095182596206823,0.09558646071481616
2,-0.08134938043213252,0.16780383264888069,0.552986724991766,-0.0929338439581824,0.0783376158547294,-0.2547859894878409,-0.23597543652255604,0.10915704418016041,0.08570655941928904,-0.7104893883239478
3,-0.1547922170558905,0.3132249273013725,-0.11734411123309288,0.09253546874419263,0.09949165121325426,0.5617909540969804,0.1194328134125878,0.038713914057828924,0.7010062049706055,-0.15138273614990305
4,-0.005050879427426735,-0.8560167110688428,0.26595651342236637,-0.08439859638472991,0.01642240345330788,0.22538144922976053,0.28402107810567345,-0.06826570574970126,0.17794701922761935,-0.14592489455366375
