,AGEP,DEYE,DVET,EDU,HOUSING_TYPE,MSP,OWN_RENT,PINCP_DECILE,RAC1P,SEX
0,-0.5003671965995967,0.039000100578012065,-0.09147255741886563,-0.5717285720585459,0.028571268082507553,-0.23289866092055655,0.06753307375165211,-0.5718403334470058,0.16142351159960258,0.013897306588228082
1,-0.03675130220352598,-0.009456974854130568,-0.02075755036664284,-0.009303160616241696,0.7107583250013614,0.23447166211410783,-0.6402728025062316,-0.11921538103751857,-0.09207325951810683,-0.07245047965053888
2,0.09901175711451492,-0.27791274265991056,0.6235894739239627,-0.16046422730358303,-0.06821032417491382,-0.39253564712295064,-0.14847233213293864,0.01223492147309524,-0.24609473311526675,-0.5068089898784753
3,-0.1134775810806913,-0.34360233153172687,0.22875269641390267,0.017965216400225525,0.09691595087680135,0.5511477770143685,0.2765624299491453,-0.01808283657741197,0.5527299875731448,-0.3477484030131451
4,0.23737997636267474,-0.7955381192427312,-0.04165471474757923,-0.09690685272827326,0.003113264186990858,-0.01753955305040418,-0.018473106588058896,-0.1634021113763054,-0.0801824852537146,0.5156119949550977
