,AGEP,DEYE,DVET,HOUSING_TYPE,MSP,OWN_RENT,RAC1P,SEX
0,0.09368625905768832,-0.03596741501197537,0.01665969021467193,0.6847440298347522,0.27739047108175535,-0.6455324458595179,-0.14283995028419716,-0.08195385742737278
1,0.6810928925787814,-0.4510721439047086,0.36777360376282914,-0.20749360041098933,0.12031325758821254,0.043574338690855974,-0.37042732602600636,0.027294102385949065
2,-0.17250763946825004,0.0959464130445977,0.5603226643763566,-0.027678453624706785,-0.3980225225793963,-0.11682718980074092,-0.05579986890492931,-0.6863844906559895
3,-0.10352928426686435,-0.3503937898611934,0.183483105257566,0.10203420670951438,0.5793098135918562,0.2814153633284586,0.560002212242002,-0.3066462220785495
4,-0.03714505765937546,-0.6146181645653357,-0.014833597886133115,0.07348361466987491,-0.5532824052751757,-0.25707691023879575,0.43181896611640147,0.23783881509075416
