,AGEP,HISP,MSP,NOC,NPF,OWN_RENT,PINCP_DECILE,POVPIP,PUMA,RAC1P,SEX
0,-0.41840829409804686,0.07317519200018308,-0.36073214733567227,0.5406571467877547,0.5055806361880877,0.12104875481954504,-0.31234783885455575,-0.11426033918891082,0.022956190466681962,0.12398031953303579,-0.0190466169954243
1,-0.25579200990861634,0.0016666730213697745,0.009929854513860607,-0.049686405053201155,0.032006202995982364,-0.6646642095559365,-0.17883989153404733,0.6670922851266565,-0.07846254514826231,0.07740749141303603,-0.007301103883568458
2,-0.2914974127446688,0.4182481468178708,0.395715579113863,-0.12821803866304593,-0.277979720330037,0.13050625514202774,-0.40992921037273333,-0.16876846288925873,-0.27186216017245646,0.38408141027120973,0.23411565107063906
3,0.05343975209419899,0.38577777124736895,-0.060158187230005586,0.02700858604666273,0.06677477280481754,0.09026285570298352,0.41039128426641613,0.133673314155548,-0.2655451762105043,0.4074950173691112,-0.6391470789929367
4,-0.17424820983452668,0.26530503985093834,0.23743616905609538,-0.0777979588790089,-0.03766831774394076,-0.05257212104997802,-0.1069992778071189,-0.057013507048679815,0.8354238387356856,-0.0392702124511549,-0.3441875723976173
