,EDU,HISP,INDP_CAT,MSP,OWN_RENT,PINCP_DECILE,PUMA,RAC1P,SEX
0,-0.5661256654249889,0.15509979203949487,-0.4897462755127013,-0.3043552111334551,0.04948152447213338,-0.5534536170037256,-0.04389932701996405,0.10682166712636457,0.029409685729566697
1,-0.0034601267865823925,0.6176667604119599,0.20689453940539143,0.2600836941654897,0.3389320071304728,-0.020471515636093007,0.21019913550127742,0.589648817421764,0.02938586966518094
2,-0.0185561093106456,0.1261263467048568,-0.1026761915727231,-0.21350482906193516,-0.29024814866884263,0.2262365613859597,0.04080408225365622,0.20127577296702653,-0.8660353478351919
3,-0.0500073153403002,0.051328234679265825,0.08272803769322884,0.18707511355719164,0.03145250360189635,-0.0039242100869178315,-0.9599163500806988,0.1616928981949686,-0.06659581456506737
4,0.08749415590913664,0.10041662662183894,0.003902233936482015,-0.007443873101248284,-0.8449588410538784,-0.04769712797520376,0.007298891278670727,0.3602809085133252,0.3689235275201543
