,DEAR,DEYE,DPHY,OWN_RENT,SEX
0,-0.6857200917835073,-0.6710720042008871,-0.22673016800286183,-0.16658548677247362,-0.017118043591305088
1,0.09584442930477607,-0.07637556262416675,-0.6277057877073972,0.7502620163117923,0.1675499023081848
2,-0.008033967171218598,0.14439351171732018,-0.3083316118268414,-0.032392402715324994,-0.9396639391505994
3,-0.14355022128100794,-0.23018781170361804,0.6778716925936399,0.6241495964308518,-0.2780901921476413
4,0.707057699510673,-0.6855605179185025,-0.0006786195731145472,-0.13690944451744191,-0.10644965622955141
