,AGEP,DEYE,DVET,EDU,HOUSING_TYPE,MSP,OWN_RENT,PINCP_DECILE,RAC1P,SEX
0,-0.5028447292406171,0.04301220449129428,-0.07175908242364257,-0.5679702824416623,0.15157002341313758,-0.14873136663161968,-0.08761200318303043,-0.586697455875563,0.13573808015825994,0.04635121613684472
1,0.08304591705250061,-0.10230268734180407,-0.019075772037854353,0.11162185388090763,0.671698881526471,0.3945644912925193,-0.5978167220009154,-0.022949751126824,-0.028007983581810655,0.06525117564494197
2,-0.13513795045842633,0.26064593837079,0.49819505834572747,-0.0060380191420056906,0.09158676751918865,-0.06551219753837412,-0.1192457745764284,0.1377388146572835,0.25369209881641086,-0.7452083295905387
3,0.22223680784033042,-0.6550436193786189,0.4440294910216937,-0.21438907305983568,-0.02747864694179998,-0.25933023762212043,-0.10001161192987952,-0.11685032394870015,-0.4203788058073367,-0.10010936582173144
4,0.018644768478137088,-0.4635525169019098,0.2676442887071567,0.06380068629860525,-0.0032172989541430913,0.2522850174589777,0.2368694538444448,-0.057983656396185135,0.7405275973679856,0.1938014389742585
