,AGEP,DEYE,DVET,EDU,HOUSING_TYPE,MSP,OWN_RENT,PINCP_DECILE,RAC1P,SEX
0,-0.5251615970832852,0.06525346816091548,-0.1125905902335179,-0.5549528123126446,-0.05893922391740625,-0.24157157887476582,0.12599373017480142,-0.5520087567508631,0.12658595063201172,0.029244942000674484
1,0.028117658417163516,-0.18658641777119173,-0.11718581844773211,-0.09819642367100907,0.705399599960306,0.1106330077862434,-0.6234402039734328,-0.1800531014801267,0.030951825962068896,0.09558646071481391
2,-0.08134938043213197,0.16780383264887844,0.552986724991767,-0.09293384395818166,0.0783376158547274,-0.25478598948784414,-0.2359754365225531,0.10915704418016106,0.0857065594192888,-0.7104893883239475
3,-0.15479221705589066,0.3132249273013626,-0.11734411123308991,0.09253546874419172,0.09949165121325454,0.5617909540969811,0.11943281341259182,0.03871391405782884,0.7010062049706084,-0.15138273614990683
4,-0.005050879427424503,-0.8560167110688468,0.2659565134223693,-0.08439859638473052,0.016422403453307567,0.225381449229755,0.2840210781056712,-0.06826570574970292,0.1779470192276112,-0.14592489455365826
