,AGEP,DEYE,DVET,HOUSING_TYPE,MSP,OWN_RENT,RAC1P,SEX
0,0.40254492751093346,-0.24057956382886492,0.026854821420544156,0.6029498198402214,0.27093869614110927,-0.5707516193430107,-0.11723200911122705,0.05385959631001956
1,-0.5242443349203953,0.3280157877077068,-0.24801540082933204,0.35464617685833566,-0.22822274968566875,-0.36399482809215544,0.4775093290664505,-0.13302237711069737
2,0.036753913470348676,0.08422650268928128,0.6886003477228672,-0.011405755247362518,-0.19283158036199693,-0.13715984408871162,-0.03701345591719545,-0.6781501889834225
3,-0.04317852002652453,-0.17735462171881722,0.10094186302733615,0.058069823421457806,0.6918149769417912,0.29900837875754116,0.583278920753402,-0.2118757116241236
4,-0.08228848862019943,-0.8314950581456425,0.02452362390668239,-0.007543446962834904,-0.46273615268314167,0.008665838568549966,0.29328873164021435,0.03111490532146069
