,AGEP,HISP,MSP,NOC,NPF,OWN_RENT,PINCP_DECILE,POVPIP,PUMA,RAC1P,SEX
0,-0.46206731655758637,0.1722943803565391,-0.23524154992406754,0.4852564301774994,0.44975173836798527,0.1525676139153606,-0.40389750820632764,-0.25521431409626005,-0.013253438783225355,0.1094517627498813,0.004434341342924211
1,0.040222638311390536,0.1795282170746736,0.4134443307775202,-0.139693360119383,-0.28381007263920466,0.5779938689345114,-0.0842594405000201,-0.5547096160240301,0.00957516519055886,0.14606512945054617,0.1576296990343295
2,-0.10705523648905096,0.5597321764429589,0.14670291473082575,-0.08323796522869004,-0.06712917640353494,-0.2124491182465427,0.03465886196805534,0.23380931579635306,0.3108301723292694,0.6413793303764168,-0.18247447616035456
3,-0.04743752371493463,0.001967173877629746,0.026973041675101637,-0.13594230202908508,-0.111681923543573,-0.3102532295671196,-0.3980486661739813,0.10449213536054622,-0.02898606325219168,0.08625873147997212,0.8319651020294355
4,0.038499970162294075,0.10322755847068735,0.07154933010310814,-0.05633622718184,0.014544651477988186,-0.15383582298266701,-0.02177870968994276,-0.04212116724928814,-0.9284815800060374,0.2725368180436031,-0.13072441429581536
