,AGEP,DEAR,DENSITY,DEYE,DPHY,DREM,DVET,EDU,HISP,HOUSING_TYPE,INDP_CAT,MSP,NOC,NPF,OWN_RENT,PINCP,PINCP_DECILE,POVPIP,PUMA,RAC1P,SEX
0,-0.2877693500121815,0.03124927133938098,-0.04877557945720558,0.009460880084032681,-0.29246534004782365,-0.3062732998954101,-0.027543430454806013,-0.3665610265015764,0.042785748222922367,-0.0932348537686655,-0.24374151329826127,-0.26795309678243995,0.29832241607534404,0.2706226192693997,0.07654809280395218,0.4040474313506596,-0.32007668131840444,-0.13116362702332485,0.0467091830672247,0.06606509529288325,0.0007143601572722778
1,-0.057371729185230785,-0.07214484677795542,-0.036048748981913,-0.04957166049065046,-0.2017850085420965,-0.20548302949735242,0.003015600448999864,-0.13898431224021524,-0.06822072072107721,0.5403349164082615,-0.20113131519402722,0.07444398239373702,-0.2765495654642801,-0.24651727698296932,-0.46808894716368865,0.06547299671146811,-0.16054048960458736,0.3802150435142871,-0.06100436503541893,-0.06303644796459806,-0.06475094338222785
2,0.24308010715571762,-0.1932735717729991,-0.47984370207894506,-0.06624318032599794,-0.008744747950685687,0.009710119020918749,0.17318941280365407,0.09733242978672806,-0.3280966981895777,-0.14367492979072638,-0.05792141522994083,-0.36445861886318454,0.12635490191778678,0.20439912921444683,-0.250853820261122,0.0169092961531615,0.2130201980900885,0.1364380074953206,0.23647227856223865,-0.34212658532312024,-0.08297356601233612
3,0.289023335938133,-0.4345867330677684,0.00932333085232816,-0.4194334400573423,-0.3098457845560044,-0.26024135494764666,0.15100755977900268,-0.0869940842213506,-0.00860795127879458,-0.1589753938396298,-0.14237700327018712,0.12044196235397278,-0.21988255854696698,-0.26087591967130597,0.24709386139399458,-0.10811714457821861,-0.021366447768489435,-0.3266188417186933,-0.008380422639163837,-0.031596553860607085,0.0028854575603602314
4,-0.016819382267061596,-0.1753016460208278,-0.2975033577939554,-0.18755564605300934,0.4368188064708126,0.4414244148980455,-0.03017247919848323,-0.20126295678961387,0.12464713556357887,0.14584686539560263,-0.28804139076704993,0.17194196666853512,0.029603766472498613,0.029380877506000155,-0.09940498321885223,-0.04212601945249245,-0.38185411394096247,-0.250711702819548,0.20760282224856882,0.05140623906939181,0.03273541046311267
