,AGEP,DEYE,DVET,EDU,HOUSING_TYPE,MSP,OWN_RENT,PINCP_DECILE,RAC1P,SEX
0,-0.5251615970832852,0.06525346816091582,-0.11259059023351776,-0.554952812312645,-0.05893922391740573,-0.24157157887476552,0.1259937301748017,-0.5520087567508636,0.1265859506320119,0.02924494200067479
1,0.02811765841716357,-0.18658641777119128,-0.11718581844773143,-0.0981964236710096,0.7053995999603059,0.11063300778624542,-0.6234402039734318,-0.18005310148012607,0.030951825962069964,0.0955864607148127
2,-0.08134938043213227,0.16780383264887946,0.5529867249917665,-0.09293384395818252,0.07833761585472554,-0.25478598948784337,-0.23597543652255387,0.10915704418016119,0.08570655941928736,-0.7104893883239486
3,-0.15479221705589,0.31322492730136664,-0.11734411123309099,0.09253546874419225,0.09949165121325237,0.5617909540969788,0.11943281341259077,0.03871391405782998,0.7010062049706092,-0.15138273614990627
4,-0.005050879427425979,-0.8560167110688464,0.2659565134223637,-0.08439859638473035,0.016422403453307997,0.22538144922975828,0.2840210781056729,-0.06826570574970137,0.17794701922761152,-0.14592489455366525
