,AGEP,DEAR,DENSITY,DEYE,DPHY,DREM,DVET,EDU,HISP,HOUSING_TYPE,INDP_CAT,MSP,NOC,NPF,OWN_RENT,PINCP,PINCP_DECILE,POVPIP,PUMA,RAC1P,SEX
0,-0.30435701629752254,0.03469580380194209,-0.02271371620471245,0.01993405191212717,-0.305172833077647,-0.31343279775259586,-0.02417205882623965,-0.3715995631743547,0.03316233472797011,-0.07935417414669037,-0.25883526971297943,-0.2539731890910986,0.2938662910120124,0.24417300155535115,0.046451007246142664,0.4202707906538984,-0.3232850112385781,-0.05896573049268436,0.018941867319006968,0.056213517075816136,-0.0064598765190619556
1,-0.048016779400132895,-0.08144699346458474,0.03332316167554262,-0.09952198759324567,-0.18933179235097514,-0.19966087435575547,0.0033784242009727784,-0.1670629793936735,0.02012668720834139,0.5429516001011327,-0.12622744962941165,0.2018509296630334,-0.30922896250527493,-0.31948703833346415,-0.4049117843223114,0.021202678686171435,-0.21378091106425365,0.3309939534522895,-0.07343715217298598,0.00798564886258801,0.04148366875541204
2,0.35687160033521625,-0.39659630145451946,0.0006463458600882615,-0.29666525061030163,-0.2930098974230352,-0.24995330243769703,0.14700580849354128,-0.0774887857380714,-0.08903792759793407,-0.19428501297581,-0.22226168520682213,0.006193334728194319,-0.2230642674665099,-0.26147488250241213,0.28496705075549084,-0.06469717348211325,0.006460998419170597,-0.33989154236403213,0.09449853407597192,-0.1669155415679148,0.020152865883427448
3,-0.18185634748005738,0.15845605568662233,0.35238173964836333,0.08998220127354892,0.031937550138038666,0.0115736272977425,-0.13888931494137258,-0.08154443379245571,0.3149531841543863,0.018135855577081444,0.05769128943007179,0.34721513467605636,-0.0895502973392979,-0.23150030322641224,0.3643926065368723,-0.0223191122743732,-0.20120444453999814,-0.3354879601048174,-0.31317170810391526,0.2956828498516862,0.16004214703640196
4,0.09710922801217856,-0.33545488820177727,0.37012105595420314,-0.2274172309691669,0.09056149840557845,0.11510703498151952,0.3101101478564228,0.06667046567457025,0.2051953756332293,0.019716288425319996,-0.14077280049848007,-0.24424008074741133,0.08975976329877641,0.12604005047904707,-0.048484989027882335,0.05102940855158454,0.09833875886931634,0.17806713679161346,-0.4059429991981987,0.31874472789180053,-0.32960467217413425
