,AGEP,DEYE,HISP,MSP,NOC,NPF,OWN_RENT,PINCP_DECILE,POVPIP,PUMA,RAC1P,SEX
0,-0.4202983801456891,0.10319236608506932,0.07152951759982012,-0.35742411314405004,0.5379069442938615,0.5030739749246698,0.12043262353163849,-0.30669828697669366,-0.11153736595100652,0.02165191807433525,0.12459250415714929,-0.020107113687655796
1,-0.255710582077059,0.03645415643114022,0.0002685807166423332,0.013037730878057882,-0.052350110199852654,0.029409607641185928,-0.6636930658262262,-0.17305816280514463,0.6682567878212378,-0.07973791941448274,0.0778441066933939,-0.009224452460775025
2,-0.29140140670448,-0.01006680550441924,0.41844205524352673,0.39474562689677206,-0.12768387961819877,-0.2773323736399004,0.1294240939801396,-0.4119433156033552,-0.1685679139371404,-0.27123309044592303,0.38359996723450007,0.23509623618169145
3,0.0215440144311203,0.2980778779315007,0.3226021634757158,-0.013193977401963292,0.013783136765753629,0.042696607986202006,0.11064253899148632,0.42905377991637983,0.12695394557312678,-0.27143315653756733,0.38243294108495984,-0.6099582668773973
4,0.17213391515093304,-0.8323737083413206,0.395684301935874,-0.19333873016877548,0.015062115880598859,0.08233891471181415,-0.08082382343043451,0.010755740711870077,0.029544008315227605,0.14152956034202552,0.17543940389979795,-0.13505851921898782
