,AGEP,DEYE,HISP,MSP,NOC,NPF,OWN_RENT,PINCP_DECILE,POVPIP,PUMA,RAC1P,SEX
0,-0.46284916063028947,0.0731514808540078,0.1710232891078232,-0.23505908513614954,0.48444048834535436,0.4494457683752342,0.15138723674413618,-0.40095631188216496,-0.2517830358556852,-0.012839000052200285,0.10944910014099257,0.003314950349358095
1,0.044944348930802874,-0.15253190350776966,0.17767095538070932,0.3980026121217552,-0.13225403149673604,-0.2746654115882647,0.5667211718828418,-0.10050879647976477,-0.5603120014666063,0.002515902671265596,0.13661576440580814,0.1670751879596065
2,-0.11163374314216047,0.14057025060753825,0.5481060903060126,0.17019105035438684,-0.08535062182635642,-0.07645478895234122,-0.16779926937614603,0.0609590827129448,0.21778723647188988,0.3148004158555475,0.6344714360772821,-0.210488429196971
3,-0.028794325335344394,-0.3029446971176278,0.07487542606291173,-0.014473375000575495,-0.12003109293574915,-0.08447836649433083,-0.36376801930877267,-0.3909720158971682,0.12195901207307888,-0.02727973681528828,0.13635799332492915,0.7487573408863529
4,0.08955974344878673,-0.44856278977914343,0.1699684001931274,-0.027759892226601413,-0.004514239518566887,0.0635343172079049,-0.14502420475340208,0.03637550834591824,-0.055410075145513916,-0.7636142816673442,0.23839199976213307,-0.3028046049195
