,AGEP,DEYE,DVET,EDU,HOUSING_TYPE,MSP,OWN_RENT,PINCP_DECILE,RAC1P,SEX
0,-0.5003671965995962,0.039000100578011065,-0.09147255741886508,-0.5717285720585463,0.028571268082505985,-0.2328986609205574,0.06753307375165316,-0.5718403334470064,0.1614235115996021,0.013897306588228742
1,-0.036751302203526924,-0.009456974854129819,-0.02075755036664221,-0.009303160616242838,0.7107583250013619,0.23447166211410705,-0.6402728025062314,-0.11921538103751993,-0.09207325951810756,-0.07245047965053769
2,0.09901175711451574,-0.2779127426599068,0.6235894739239599,-0.16046422730358334,-0.06821032417491459,-0.39253564712295463,-0.1484723321329411,0.0122349214730966,-0.24609473311527244,-0.5068089898784741
3,-0.11347758108070234,-0.34360233153168684,0.22875269641390886,0.017965216400229023,0.09691595087680115,0.5511477770143647,0.2765624299491431,-0.018082836577403782,0.5527299875731491,-0.34774840301317816
4,0.23737997636267,-0.7955381192427489,-0.04165471474756384,-0.09690685272827226,0.0031132641869956734,-0.017539553050374343,-0.018473106588044172,-0.16340211137630617,-0.08018248525368525,0.5156119949550796
