,AGEP,DEYE,DVET,EDU,HOUSING_TYPE,MSP,OWN_RENT,PINCP_DECILE,RAC1P,SEX
0,-0.5003671965995968,0.03900010057801084,-0.09147255741886617,-0.5717285720585461,0.028571268082505097,-0.23289866092055583,0.06753307375165472,-0.5718403334470059,0.1614235115996034,0.013897306588228908
1,-0.03675130220352745,-0.009456974854132438,-0.020757550366644888,-0.009303160616243738,0.7107583250013609,0.23447166211410736,-0.640272802506231,-0.11921538103752094,-0.09207325951810777,-0.07245047965053782
2,0.09901175711451354,-0.2779127426599034,0.6235894739239599,-0.16046422730358315,-0.06821032417491352,-0.3925356471229543,-0.14847233213294125,0.012234921473095822,-0.2460947331152703,-0.5068089898784772
3,-0.11347758108069639,-0.34360233153170566,0.22875269641390844,0.01796521640022755,0.09691595087680102,0.5511477770143668,0.27656242994914365,-0.018082836577406725,0.5527299875731464,-0.34774840301316345
4,0.23737997636267213,-0.7955381192427443,-0.04165471474757036,-0.09690685272827332,0.0031132641869908995,-0.017539553050389387,-0.01847310658804839,-0.16340211137630534,-0.08018248525370375,0.5156119949550825
