,AGEP,DEYE,DVET,EDU,HOUSING_TYPE,MSP,OWN_RENT,PINCP_DECILE,RAC1P,SEX
0,-0.5003671965995968,0.039000100578011065,-0.09147255741886635,-0.571728572058546,0.028571268082508622,-0.23289866092055567,0.06753307375165128,-0.5718403334470065,0.16142351159960194,0.013897306588228
1,-0.03675130220352428,-0.009456974854131165,-0.02075755036664219,-0.009303160616241027,0.7107583250013612,0.2344716621141056,-0.6402728025062328,-0.11921538103751744,-0.09207325951810874,-0.07245047965053879
2,0.09901175711451479,-0.2779127426599243,0.6235894739239662,-0.16046422730358426,-0.06821032417491313,-0.39253564712294087,-0.14847233213293234,0.012234921473093824,-0.2460947331152567,-0.5068089898784782
3,-0.11347758108068867,-0.34360233153173403,0.22875269641388812,0.017965216400227385,0.09691595087680424,0.5511477770143753,0.2765624299491454,-0.018082836577414746,0.5527299875731504,-0.34774840301312915
4,0.23737997636267616,-0.7955381192427252,-0.041654714747589944,-0.09690685272827188,0.003113264186988915,-0.01753955305040858,-0.018473106588061075,-0.16340211137630495,-0.08018248525372143,0.5156119949551061
