,EDU,HISP,INDP_CAT,MSP,OWN_RENT,PINCP_DECILE,PUMA,RAC1P,SEX
0,-0.5711275826037833,0.09765649436928026,-0.5004442530985018,-0.29828622168924107,0.004362825624502374,-0.5535746002048514,0.0571636139453568,0.12286875986066881,0.005393499728212382
1,-0.025747737539155706,0.5862344447408915,0.20355365568547024,0.20483595690526407,0.4980045256423204,-0.033267289279769796,0.03571805441057956,0.5505229960803354,0.1371415367652676
2,-0.02738764377907813,0.28795314487401247,0.10222790078216912,-0.23418829899428467,-0.028306563639921525,0.14753638134549452,0.8607935323039917,-0.23521682401784322,-0.1793808666446427
3,-0.011289996827380787,0.12662160088743507,-0.09007063761035358,0.08884907473649278,-0.15136372707000412,0.09636782792189749,-0.15395168477611668,0.24738566200910547,-0.9223524842354356
4,0.0411051194197782,0.34044241752763504,-0.014689687027021892,0.3471448576965258,-0.8096861230088336,-0.11316330943767211,0.07429342428193461,0.17733010918457817,0.23732036883592741
