,AGEP,DEYE,DVET,EDU,HOUSING_TYPE,MSP,OWN_RENT,PINCP_DECILE,RAC1P,SEX
0,-0.5251615970832849,0.06525346816091604,-0.11259059023351832,-0.554952812312645,-0.058939223917406365,-0.24157157887476566,0.12599373017480195,-0.5520087567508636,0.12658595063201178,0.02924494200067508
1,0.028117658417163835,-0.18658641777119248,-0.11718581844773268,-0.09819642367100909,0.7053995999603049,0.1106330077862447,-0.623440203973432,-0.18005310148012754,0.03095182596207031,0.09558646071481391
2,-0.08134938043213241,0.16780383264887913,0.5529867249917679,-0.09293384395818231,0.0783376158547275,-0.25478598948784376,-0.23597543652255443,0.10915704418015987,0.08570655941928729,-0.7104893883239477
3,-0.1547922170558909,0.3132249273013685,-0.11734411123309069,0.09253546874419219,0.09949165121325379,0.5617909540969803,0.11943281341259095,0.0387139140578297,0.7010062049706066,-0.15138273614990777
4,-0.005050879427426234,-0.8560167110688431,0.26595651342237037,-0.08439859638473057,0.01642240345330813,0.22538144922976044,0.2840210781056736,-0.06826570574970348,0.1779470192276129,-0.1459248945536601
