,AGEP,HISP,MSP,NOC,NPF,OWN_RENT,PINCP_DECILE,POVPIP,PUMA,RAC1P,SEX
0,-0.46206731655758676,0.17229438035653877,-0.23524154992406787,0.48525643017749925,0.44975173836798493,0.15256761391536058,-0.4038975082063277,-0.2552143140962602,-0.01325343878322547,0.10945176274988137,0.004434341342924468
1,0.040222638311390654,0.17952821707467245,0.41344433077752085,-0.13969336011938333,-0.2838100726392044,0.5779938689345113,-0.08425944050002057,-0.5547096160240305,0.009575165190557976,0.1460651294505464,0.15762969903433047
2,-0.10705523648905083,0.5597321764429573,0.14670291473082475,-0.08323796522868981,-0.0671291764035355,-0.212449118246542,0.03465886196805579,0.23380931579635264,0.3108301723292694,0.6413793303764174,-0.1824744761603544
3,-0.04743752371493456,0.001967173877630903,0.026973041675101506,-0.13594230202908517,-0.11168192354357286,-0.31025322956712076,-0.3980486661739812,0.10449213536054701,-0.028986063252191753,0.0862587314799708,0.8319651020294353
4,0.03849997016229042,0.10322755847068112,0.07154933010311477,-0.056336227181839324,0.014544651477989133,-0.1538358229826692,-0.0217787096899442,-0.04212116724928691,-0.928481580006037,0.27253681804360486,-0.13072441429581724
