,AGEP,DEYE,HISP,MSP,NOC,NPF,OWN_RENT,PINCP_DECILE,POVPIP,PUMA,RAC1P,SEX
0,-0.37939206594301245,0.05555013259684716,0.10346063208355773,-0.3315259817499766,0.5077179706325332,0.4786017209737783,0.19328919095959823,-0.3488660799762472,-0.24695715432248533,0.08085406385186746,0.13473883570214631,0.02787644921203919
1,0.06928418939533205,-0.16492332190137016,0.23855175616384433,0.3627695432271137,-0.11361245616284202,-0.2352388882584248,0.5727092974150872,-0.06873881872846532,-0.563515333018885,-0.05259663918370726,0.21124918402083787,0.11654644177421555
2,-0.44507739238751715,0.1962525536154598,0.32553004052129947,0.29317169565637147,-0.16973395704773447,-0.17184883979101132,-0.25445338588096544,-0.36493254689066423,0.27716557069949593,-0.1920212301718182,0.44413234200939095,-0.06527807176604565
3,0.1771050369101,0.04116021645175336,0.6121680156752629,-0.0986913811085933,-0.015479222032565713,0.08601373655208122,-0.01058016411522962,0.31312495573208726,0.10106130990737532,0.6040627269828771,0.21831909546723496,-0.23213020798827555
4,0.08907735788191387,-0.552673320831884,0.15216175196416445,-0.07727457619430228,-0.0955672683295426,-0.007237575499861898,-0.3040656197518764,-0.312428438557937,0.03771909914884923,0.24391226221252832,-0.022779424641614962,0.6299246986517157
