,AGEP,DEYE,DVET,EDU,HOUSING_TYPE,MSP,OWN_RENT,PINCP_DECILE,RAC1P,SEX
0,-0.5028447292406173,0.043012204491294836,-0.07175908242364279,-0.5679702824416618,0.15157002341313827,-0.14873136663161884,-0.08761200318303053,-0.5866974558755632,0.13573808015826017,0.04635121613684512
1,0.08304591705250124,-0.10230268734180466,-0.019075772037853968,0.11162185388090788,0.6716988815264694,0.39456449129252014,-0.5978167220009145,-0.022949751126823806,-0.02800798358181099,0.06525117564494194
2,-0.13513795045844895,0.26064593837085653,0.4981950583456815,-0.006038019141984763,0.09158676751919158,-0.06551219753834928,-0.11924577457641965,0.13773881465729534,0.25369209881645005,-0.7452083295905298
3,0.22223680784031552,-0.655043619378596,0.44402949102174055,-0.2143890730598369,-0.027478646941791196,-0.2593302376221234,-0.10001161192988844,-0.11685032394868727,-0.4203788058073138,-0.10010936582180766
4,0.018644768478138455,-0.4635525169019067,0.2676442887071606,0.06380068629860658,-0.003217298954142904,0.25228501745897014,0.23686945384444041,-0.057983656396183636,0.7405275973679896,0.1938014389742598
