,AGEP,DVET,EDU,HOUSING_TYPE,MSP,OWN_RENT,PINCP_DECILE,RAC1P,SEX
0,-0.4998057299410396,-0.07106053098906462,-0.56928359805267,0.15567481101450248,-0.14672118901377004,-0.09099128616656735,-0.5888061433512743,0.1344792154541647,0.04735310080905503
1,0.0776181669908182,-0.022302352715000195,0.12350856052983261,0.6735634470931826,0.39923164658325744,-0.6004735578258823,-0.011662828755799506,-0.02389301033505058,0.062246643548457097
2,-0.05102814145195959,0.61863034444252,-0.07942093627638291,0.07529543235000029,-0.14724358821647152,-0.14155313037776643,0.08853405886325016,0.10438112852222341,-0.7363856842050338
3,-0.20801078825285296,-0.19255590427150815,0.1753791350755422,0.022752657068108875,0.3412021914287815,0.21871078352010415,0.0960776361549132,0.83306277604912,-0.14456959571618486
4,0.16583733737204373,0.6869815151998001,0.029633444012214794,0.00476538126689309,-0.06756593636977325,0.014247860690344154,-0.11078546960820168,0.33605441357567056,0.6080126470664247
