,DVET,EDU,HOUSING_TYPE,MSP,OWN_RENT,PINCP_DECILE,RAC1P,SEX
0,-0.09031920309991022,-0.6526079752061525,-0.06349458514777727,-0.3458156832193574,0.10305849230679509,-0.6267725044602113,0.18780472030073386,0.059914814478984946
1,-0.032232775404416485,-0.09494912511478029,0.7070728781467974,0.1837088015788392,-0.6381895809962038,-0.2010677529569964,-0.06955819892601828,-0.06076353702854498
2,0.6191160860933838,-0.10489808312742405,-0.07171062381599658,-0.37688464205704836,-0.14229518646533246,0.07709388088563268,-0.2564692480512345,-0.605424937835298
3,0.22628227339518994,-0.031051272501163966,0.10700090777168907,0.44675068618102143,0.2162473014100727,-0.046544584562482935,0.7181067812911156,-0.41495799582664333
4,0.740056850637383,0.023716331941206148,0.05307972837067738,0.07121889655772382,-0.0061038882591223816,-0.0875446420172046,0.08985298546436746,0.6542850478487703
