,AGEP,DEYE,DVET,HOUSING_TYPE,MSP,OWN_RENT,RAC1P,SEX
0,0.09368625905768635,-0.035967415011971926,0.016659690214670286,0.684744029834753,0.27739047108175596,-0.6455324458595176,-0.14283995028419666,-0.08195385742737386
1,0.6810928925787822,-0.45107214390471173,0.36777360376282736,-0.20749360041098672,0.12031325758821132,0.04357433869085242,-0.37042732602600575,0.027294102385950453
2,-0.1725076394682508,0.09594641304458457,0.5603226643763559,-0.027678453624705245,-0.3980225225793841,-0.11682718980073453,-0.05579986890491718,-0.6863844906560008
3,-0.10352928426685999,-0.35039378986119385,0.18348310525755357,0.10203420670951469,0.5793098135918675,0.28141536332846206,0.5600022122420003,-0.3066462220785339
4,-0.03714505765937889,-0.6146181645653318,-0.014833597886127231,0.07348361466987902,-0.5532824052751717,-0.257076910238796,0.43181896611640663,0.2378388150907605
