,AGEP,HISP,MSP,NOC,NPF,OWN_RENT,PINCP_DECILE,POVPIP,PUMA,RAC1P,SEX
0,-0.46206731655758665,0.17229438035653843,-0.23524154992406793,0.4852564301774991,0.44975173836798504,0.15256761391536064,-0.403897508206328,-0.2552143140962603,-0.013253438783225085,0.10945176274988128,0.004434341342924447
1,0.040222638311391445,0.1795282170746714,0.4134443307775188,-0.13969336011938277,-0.2838100726392042,0.577993868934513,-0.08425944050001938,-0.554709616024031,0.009575165190556786,0.1460651294505447,0.1576296990343296
2,-0.1070552364890509,0.559732176442958,0.14670291473082558,-0.08323796522868976,-0.0671291764035371,-0.21244911824654042,0.034658861968054955,0.23380931579635095,0.31083017232926924,0.6413793303764175,-0.18247447616035412
3,-0.047437523714934635,0.001967173877629638,0.026973041675101755,-0.1359423020290852,-0.11168192354357283,-0.3102532295671178,-0.3980486661739809,0.1044921353605463,-0.028986063252182327,0.08625873147996908,0.8319651020294373
4,0.038499970162295026,0.10322755847068643,0.0715493301031061,-0.05633622718184033,0.014544651477987912,-0.1538358229826701,-0.021778709689945247,-0.04212116724928754,-0.9284815800060374,0.27253681804360586,-0.13072441429580653
