,AGEP,PINCP,POVPIP
0,-0.7086240695400907,0.7025854136680288,0.06500511187102828
1,-0.04497895801291145,-0.13692233655963112,0.9895600876587147
2,0.7041511353427707,0.6983022341736961,0.12862802316568214
