,AGEP,DEYE,DVET,EDU,HOUSING_TYPE,MSP,OWN_RENT,PINCP_DECILE,RAC1P,SEX
0,-0.5003671965995967,0.03900010057801151,-0.09147255741886631,-0.5717285720585455,0.02857126808250493,-0.232898660920557,0.06753307375165477,-0.5718403334470052,0.16142351159960322,0.013897306588228166
1,-0.0367513022035279,-0.009456974854129805,-0.020757550366642192,-0.009303160616243682,0.7107583250013615,0.23447166211410578,-0.6402728025062313,-0.11921538103752088,-0.0920732595181071,-0.07245047965053869
2,0.09901175711451433,-0.27791274265991595,0.6235894739239668,-0.1604642273035839,-0.06821032417491267,-0.3925356471229465,-0.1484723321329362,0.01223492147309499,-0.2460947331152601,-0.5068089898784761
3,-0.11347758108071013,-0.34360233153166314,0.22875269641389845,0.01796521640023488,0.09691595087680283,0.5511477770143748,0.2765624299491482,-0.01808283657739984,0.552729987573153,-0.3477484030131824
4,0.23737997636266694,-0.7955381192427574,-0.04165471474756327,-0.09690685272827126,0.0031132641869983657,-0.017539553050362283,-0.018473106588038718,-0.16340211137630628,-0.08018248525366618,0.5156119949550725
