,AGEP,DEYE,DVET,EDU,HOUSING_TYPE,MSP,OWN_RENT,PINCP_DECILE,RAC1P,SEX
0,-0.525161597083285,0.0652534681609157,-0.11259059023351792,-0.5549528123126444,-0.058939223917405865,-0.2415715788747656,0.12599373017480148,-0.5520087567508632,0.126585950632012,0.029244942000674602
1,0.02811765841716363,-0.18658641777119161,-0.1171858184477321,-0.09819642367100903,0.7053995999603057,0.11063300778624474,-0.6234402039734321,-0.18005310148012654,0.030951825962070873,0.09558646071481247
2,-0.08134938043213316,0.16780383264888096,0.5529867249917664,-0.09293384395818195,0.07833761585472704,-0.2547859894878401,-0.2359754365225528,0.10915704418016144,0.08570655941929031,-0.7104893883239491
3,-0.15479221705588958,0.3132249273013702,-0.11734411123309353,0.09253546874419333,0.09949165121325271,0.5617909540969784,0.11943281341259118,0.03871391405782995,0.7010062049706078,-0.15138273614990133
4,-0.005050879427424645,-0.8560167110688435,0.2659565134223709,-0.08439859638472907,0.016422403453307026,0.22538144922975742,0.2840210781056718,-0.06826570574970281,0.17794701922762216,-0.1459248945536567
