,AGEP,DVET,EDU,HOUSING_TYPE,MSP,OWN_RENT,PINCP_DECILE,RAC1P,SEX
0,-0.5235279923444444,-0.1133004839739854,-0.557799418415277,-0.05393228622651389,-0.24114403751438857,0.1245474042245997,-0.5554133596418106,0.12625067651263114,0.03077048528524426
1,0.022622226640370897,-0.11614040433815737,-0.08366437780575642,0.712634193524059,0.11347794414364301,-0.6501150015339161,-0.1647313911661173,0.03720913143712298,0.08428944017105504
2,-0.07026686994033451,0.5816628730852516,-0.10872247268642615,0.05504586891624054,-0.2726271015977999,-0.19459366359478647,0.10109980859063533,0.06473817871064733,-0.7178271461811054
3,-0.148779833937196,-0.020480818581134194,0.05824630919418794,0.0914440680151904,0.5887213556498391,0.20274174332503897,0.020839705121216273,0.7293127685145594,-0.21368666374246129
4,0.18534594678290062,0.29571291973971026,0.08803527150265356,-0.10462339831565899,-0.4698337605556113,-0.1620958846332796,0.02123537486202992,0.6168881586437922,0.4811275348732089
