,AGEP,DEYE,DVET,EDU,HOUSING_TYPE,MSP,OWN_RENT,PINCP_DECILE,RAC1P,SEX
0,-0.5003671965995966,0.039000100578011176,-0.0914725574188652,-0.5717285720585455,0.02857126808250654,-0.23289866092055714,0.06753307375165193,-0.5718403334470056,0.1614235115996011,0.013897306588227375
1,-0.03675130220352604,-0.009456974854132019,-0.020757550366643646,-0.00930316061624244,0.7107583250013609,0.23447166211410794,-0.6402728025062311,-0.11921538103751887,-0.0920732595181079,-0.07245047965053894
2,0.0990117571145199,-0.27791274265991717,0.6235894739239601,-0.16046422730358428,-0.0682103241749144,-0.392535647122956,-0.14847233213294198,0.012234921473094185,-0.24609473311527535,-0.5068089898784647
3,-0.11347758108072883,-0.3436023315315981,0.22875269641391513,0.017965216400239292,0.09691595087679994,0.5511477770143642,0.276562429949145,-0.018082836577384187,0.5527299875731599,-0.34774840301323684
4,0.23737997636265443,-0.7955381192427851,-0.04165471474754928,-0.0969068527282681,0.0031132641870064426,-0.017539553050304538,-0.018473106588008076,-0.16340211137630944,-0.08018248525362345,0.5156119949550466
