,AGEP,DEYE,DVET,EDU,HOUSING_TYPE,MSP,OWN_RENT,PINCP_DECILE,RAC1P,SEX
0,-0.5028447292406175,0.043012204491294614,-0.07175908242364289,-0.5679702824416619,0.1515700234131372,-0.14873136663161995,-0.0876120031830302,-0.5866974558755628,0.13573808015826036,0.04635121613684495
1,0.08304591705250011,-0.10230268734180487,-0.019075772037854145,0.11162185388090762,0.6716988815264686,0.39456449129251897,-0.5978167220009152,-0.022949751126824708,-0.02800798358181067,0.0652511756449419
2,-0.13513795045844565,0.2606459383708444,0.49819505834569033,-0.006038019141988454,0.09158676751919097,-0.06551219753835211,-0.11924577457642054,0.13773881465729312,0.25369209881644295,-0.7452083295905323
3,0.22223680784031824,-0.6550436193785992,0.44402949102173217,-0.21438907305983734,-0.02747864694179282,-0.2593302376221234,-0.10001161192988708,-0.11685032394868944,-0.42037880580731907,-0.10010936582179539
4,0.018644768478138708,-0.4635525169019095,0.2676442887071591,0.0638006862986058,-0.003217298954142786,0.25228501745897225,0.23686945384444208,-0.0579836563961843,0.7405275973679881,0.19380143897425875
