,AGEP,HISP,MSP,NOC,NPF,OWN_RENT,PINCP_DECILE,POVPIP,PUMA,RAC1P,SEX
0,-0.37712970483181474,0.10413523716016848,-0.33147797089484315,0.5079493510979781,0.4785791057231924,0.1955413097646239,-0.35083815939549534,-0.2510332787998794,0.08098020901853559,0.13530945076500964,0.028158879848405594
1,0.052178973524245144,0.248076815827454,0.3832195882398831,-0.12304575686133991,-0.24863022882194,0.5784354225419206,-0.061395644218594,-0.554280065646036,-0.0582846572873316,0.22155712006781483,0.1176976351241016
2,-0.4393634691608916,0.31840414482309864,0.26410643349457524,-0.16668641207367,-0.15586776602492647,-0.3064122138005852,-0.39987663378438465,0.29831913007042626,-0.19432893443511787,0.4450536162784235,-0.07160088936238762
3,0.17623700639528628,0.6169614406085225,-0.10171802336394023,-0.018077411561729206,0.08682112931289013,-0.024411995427564878,0.3000068800516047,0.10596731672847265,0.6035702499803839,0.22463869077170112,-0.23129873958019118
4,0.04670494665941305,0.12648154272851292,-0.00044495873169587974,-0.09334062214149308,-0.04924091972506394,-0.19457502251121975,-0.23857217577582665,0.007353049551729856,0.3555128272420011,-0.15737767160476074,0.851291041753906
