,AGEP,HISP,MSP,NOC,NPF,OWN_RENT,PINCP_DECILE,POVPIP,PUMA,RAC1P,SEX
0,-0.46206731655758654,0.17229438035653855,-0.23524154992406793,0.48525643017749903,0.4497517383679851,0.15256761391536064,-0.40389750820632764,-0.25521431409626005,-0.01325343878322513,0.10945176274988148,0.004434341342924267
1,0.04022263831139062,0.17952821707467354,0.41344433077752063,-0.13969336011938288,-0.2838100726392041,0.5779938689345112,-0.08425944050002,-0.5547096160240302,0.009575165190558673,0.14606512945054734,0.1576296990343284
2,-0.1070552364890509,0.5597321764429581,0.14670291473082356,-0.08323796522868965,-0.06712917640353633,-0.21244911824654492,0.03465886196805379,0.23380931579635428,0.3108301723292673,0.6413793303764171,-0.18247447616035178
3,-0.04743752371493473,0.0019671738776292323,0.026973041675102657,-0.13594230202908453,-0.1116819235435725,-0.31025322956711854,-0.3980486661739811,0.10449213536054583,-0.028986063252193085,0.08625873147996818,0.8319651020294374
4,0.03849997016229623,0.10322755847068528,0.07154933010310605,-0.05633622718183895,0.014544651477989546,-0.15383582298266707,-0.021778709689941323,-0.0421211672492898,-0.9284815800060382,0.27253681804360447,-0.1307244142958141
