,AGEP,HISP,MSP,NOC,NPF,OWN_RENT,PINCP_DECILE,POVPIP,PUMA,RAC1P,SEX
0,-0.37712970483181546,0.10413523716016926,-0.3314779708948425,0.507949351097978,0.47857910572319207,0.1955413097646237,-0.3508381593954961,-0.25103327879987947,0.08098020901853559,0.1353094507650098,0.0281588798484056
1,0.05217897352424504,0.248076815827455,0.3832195882398831,-0.12304575686134005,-0.2486302288219404,0.5784354225419204,-0.06139564421859324,-0.5542800656460344,-0.05828465728733226,0.2215571200678148,0.11769763512410122
2,-0.4393634691608934,0.3184041448230965,0.26410643349457774,-0.16668641207367055,-0.1558677660249282,-0.30641221380058636,-0.3998766337843864,0.29831913007042593,-0.1943289344351146,0.445053616278421,-0.07160088936239135
3,0.1762370063952853,0.6169614406085223,-0.10171802336393947,-0.01807741156172915,0.08682112931288971,-0.02441199542756578,0.3000068800516033,0.10596731672847225,0.6035702499803864,0.22463869077169973,-0.23129873958019112
4,0.04670494665941327,0.1264815427285121,-0.0004449587316956577,-0.09334062214149345,-0.049240919725063455,-0.1945750225112197,-0.2385721757758263,0.007353049551730077,0.35551282724199834,-0.15737767160475816,0.8512910417539084
