,feature,divergence
0,SEX,0.004216270418198276
1,OWN_RENT,0.004051229324555684
4,DEAR,0.003093496771392479
2,DPHY,0.0030167508297705703
3,DEYE,0.000978095941580135
