,AGEP,DEYE,DVET,EDU,HOUSING_TYPE,MSP,OWN_RENT,PINCP_DECILE,RAC1P,SEX
0,-0.5003671965995968,0.03900010057801184,-0.09147255741886479,-0.571728572058546,0.028571268082507442,-0.23289866092055603,0.06753307375165232,-0.571840333447006,0.1614235115996028,0.013897306588227971
1,-0.036751302203525626,-0.009456974854132293,-0.020757550366641852,-0.009303160616241988,0.710758325001362,0.23447166211410733,-0.640272802506231,-0.11921538103751875,-0.09207325951810671,-0.07245047965053757
2,0.09901175711451737,-0.27791274265991356,0.6235894739239615,-0.1604642273035841,-0.06821032417491443,-0.3925356471229549,-0.1484723321329405,0.012234921473094629,-0.24609473311527263,-0.5068089898784696
3,-0.11347758108069524,-0.3436023315317127,0.22875269641390733,0.017965216400227357,0.09691595087680026,0.5511477770143657,0.27656242994914476,-0.018082836577408168,0.5527299875731458,-0.3477484030131615
4,0.2373799763626721,-0.7955381192427358,-0.04165471474757457,-0.09690685272827176,0.003113264186991968,-0.017539553050389456,-0.01847310658805061,-0.16340211137630611,-0.08018248525369956,0.5156119949550969
