,AGEP,DEYE,DVET,EDU,HOUSING_TYPE,MSP,OWN_RENT,PINCP_DECILE,RAC1P,SEX
0,-0.5003671965995975,0.03900010057801229,-0.09147255741886526,-0.5717285720585458,0.028571268082506082,-0.2328986609205563,0.06753307375165367,-0.5718403334470058,0.16142351159960433,0.013897306588227229
1,-0.03675130220352707,-0.009456974854131193,-0.020757550366642737,-0.009303160616242609,0.7107583250013613,0.2344716621141065,-0.6402728025062315,-0.11921538103752008,-0.09207325951810776,-0.0724504796505384
2,0.09901175711451432,-0.2779127426599107,0.6235894739239636,-0.16046422730358328,-0.06821032417491339,-0.3925356471229497,-0.14847233213293776,0.012234921473096294,-0.2460947331152635,-0.5068089898784773
3,-0.11347758108070584,-0.34360233153167447,0.2287526964139029,0.01796521640023291,0.09691595087680205,0.5511477770143706,0.27656242994914565,-0.018082836577400285,0.5527299875731528,-0.3477484030131775
4,0.2373799763626678,-0.7955381192427553,-0.041654714747565866,-0.09690685272827304,0.0031132641869956873,-0.01753955305036997,-0.01847310658804048,-0.16340211137630695,-0.08018248525367909,0.5156119949550725
