,EDU,HISP,INDP_CAT,MSP,OWN_RENT,PINCP_DECILE,PUMA,RAC1P,SEX
0,-0.5757868439330527,0.06559621868644572,-0.5141938332553487,-0.272869679587384,-0.022671741617568606,-0.5612568911504163,0.02040397669672178,0.08960660596565179,0.036667620896030206
1,0.017030301641701284,0.618443671482147,0.11852298117427634,0.18150826369063885,0.2024810524278763,-0.06517823296749042,-0.4003205814922271,0.6014969265729602,0.05424525681744864
2,-0.018228842236508065,-0.06572759874428336,0.10657145973913046,0.4628252646670205,-0.501504945821372,-0.270225310752569,-0.13488876154468754,-0.10102759843425403,0.6456410825976989
3,-0.04154568258569078,0.11622791106425004,-0.0360734599986942,0.18129651282594256,-0.7187839530939949,0.01086423333459223,0.008139862360918695,0.14065669961475455,-0.6434099327581573
4,-0.06316752979119386,0.43095669291447697,0.13171436987063384,0.15381880983239005,0.028788364074226643,-0.03641624723977149,0.8685452527883887,0.0412546704606983,0.10511695190814194
