,AGEP,DEYE,DVET,EDU,HOUSING_TYPE,MSP,OWN_RENT,PINCP_DECILE,RAC1P,SEX
0,-0.5028447292406171,0.04301220449129506,-0.071759082423643,-0.5679702824416621,0.1515700234131382,-0.1487313666316193,-0.08761200318303067,-0.5866974558755632,0.13573808015826022,0.046351216136845
1,0.08304591705250172,-0.10230268734180575,-0.019075772037854405,0.11162185388090785,0.671698881526469,0.3945644912925189,-0.5978167220009147,-0.022949751126824694,-0.028007983581811745,0.06525117564494186
2,-0.13513795045846363,0.260645938370898,0.49819505834565275,-0.0060380191419706075,0.0915867675191938,-0.06551219753833135,-0.11924577457641289,0.1377388146573031,0.25369209881647853,-0.7452083295905239
3,0.22223680784030714,-0.655043619378577,0.44402949102177447,-0.21438907305983756,-0.027478646941786006,-0.2593302376221298,-0.10001161192989698,-0.11685032394867823,-0.4203788058072965,-0.10010936582185621
4,0.018644768478138757,-0.4635525169019063,0.26764428870716217,0.06380068629860619,-0.0032172989541425986,0.2522850174589716,0.2368694538444413,-0.057983656396184524,0.7405275973679888,0.19380143897426294
