,AGEP,HISP,MSP,NOC,NPF,OWN_RENT,PINCP_DECILE,POVPIP,PUMA,RAC1P,SEX
0,-0.37712970483181446,0.10413523716016937,-0.3314779708948419,0.5079493510979782,0.4785791057231922,0.19554130976462447,-0.350838159395496,-0.25103327879988035,0.08098020901853498,0.13530945076501097,0.028158879848405968
1,0.05217897352424728,0.24807681582745408,0.38321958823988217,-0.12304575686134073,-0.24863022882194097,0.5784354225419216,-0.06139564421859091,-0.5542800656460352,-0.05828465728733108,0.22155712006781378,0.11769763512410071
2,-0.43936346916089264,0.3184041448231014,0.26410643349457774,-0.1666864120736705,-0.1558677660249287,-0.3064122138005838,-0.3998766337843851,0.2983191300704246,-0.1943289344351114,0.44505361627842227,-0.0716008893623943
3,0.17623700639528764,0.6169614406085204,-0.10171802336394173,-0.018077411561728207,0.0868211293128914,-0.024411995427564115,0.30000688005160675,0.10596731672847151,0.6035702499803872,0.2246386907716973,-0.23129873958019287
4,0.04670494665941571,0.12648154272851486,-0.0004449587316978053,-0.09334062214149368,-0.04924091972506241,-0.19457502251122016,-0.2385721757758238,0.007353049551731415,0.355512827241996,-0.15737767160475194,0.8512910417539102
