,AGEP,DEYE,DVET,EDU,HOUSING_TYPE,MSP,OWN_RENT,PINCP_DECILE,RAC1P,SEX
0,-0.5251615970832847,0.0652534681609157,-0.11259059023351757,-0.554952812312645,-0.05893922391740741,-0.24157157887476643,0.12599373017480223,-0.5520087567508632,0.1265859506320112,0.029244942000674325
1,0.02811765841716265,-0.18658641777119225,-0.11718581844773249,-0.09819642367100967,0.7053995999603058,0.11063300778624434,-0.6234402039734321,-0.18005310148012818,0.030951825962069652,0.09558646071481297
2,-0.08134938043213236,0.16780383264888113,0.5529867249917679,-0.09293384395818138,0.07833761585472741,-0.254785989487842,-0.23597543652255298,0.10915704418016141,0.08570655941929241,-0.710489388323948
3,-0.15479221705588878,0.3132249273013509,-0.11734411123309031,0.09253546874419091,0.09949165121325242,0.5617909540969799,0.11943281341259543,0.03871391405782862,0.7010062049706156,-0.15138273614990438
4,-0.00505087942742187,-0.8560167110688496,0.26595651342237,-0.08439859638473202,0.016422403453305527,0.225381449229747,0.28402107810567023,-0.06826570574970292,0.17794701922760436,-0.14592489455365726
