,AGEP,DEYE,DVET,EDU,HOUSING_TYPE,MSP,OWN_RENT,PINCP_DECILE,RAC1P,SEX
0,-0.5028447292406175,0.043012204491294836,-0.07175908242364297,-0.5679702824416618,0.15157002341313924,-0.148731366631619,-0.0876120031830321,-0.5866974558755632,0.1357380801582603,0.0463512161368454
1,0.08304591705250168,-0.102302687341805,-0.019075772037854263,0.11162185388090928,0.6716988815264692,0.3945644912925202,-0.597816722000915,-0.022949751126823223,-0.02800798358181094,0.06525117564494168
2,-0.1351379504584445,0.2606459383708464,0.4981950583456926,-0.006038019141988177,0.09158676751919154,-0.06551219753835502,-0.11924577457642163,0.1377388146572929,0.25369209881644234,-0.7452083295905291
3,0.22223680784031905,-0.6550436193785986,0.4440294910217338,-0.2143890730598368,-0.027478646941792417,-0.25933023762212526,-0.10001161192988854,-0.11685032394868994,-0.42037880580731757,-0.10010936582179185
4,0.018644768478137605,-0.46355251690190397,0.26764428870716594,0.06380068629860577,-0.003217298954142807,0.25228501745897436,0.2368694538444431,-0.057983656396185135,0.7405275973679866,0.1938014389742629
