,AGEP,DEYE,DVET,EDU,HOUSING_TYPE,MSP,OWN_RENT,PINCP_DECILE,RAC1P,SEX
0,-0.500367196599597,0.03900010057801184,-0.09147255741886585,-0.5717285720585461,0.028571268082505166,-0.2328986609205566,0.06753307375165467,-0.5718403334470061,0.16142351159960264,0.013897306588227798
1,-0.03675130220352739,-0.009456974854130981,-0.020757550366644537,-0.00930316061624308,0.7107583250013622,0.23447166211410697,-0.6402728025062309,-0.11921538103752073,-0.0920732595181062,-0.07245047965053657
2,0.09901175711451726,-0.2779127426599158,0.6235894739239616,-0.16046422730358365,-0.06821032417491228,-0.39253564712295314,-0.14847233213294136,0.012234921473093852,-0.24609473311526925,-0.5068089898784707
3,-0.11347758108070463,-0.3436023315316815,0.2287526964139057,0.01796521640023163,0.09691595087680129,0.5511477770143663,0.27656242994914454,-0.01808283657740184,0.5527299875731502,-0.3477484030131795
4,0.23737997636266697,-0.7955381192427506,-0.041654714747572236,-0.09690685272827099,0.003113264186995396,-0.017539553050367543,-0.018473106588039412,-0.1634021113763065,-0.08018248525368189,0.5156119949550799
