,AGEP,DVET,EDU,HOUSING_TYPE,MSP,OWN_RENT,PINCP_DECILE,RAC1P,SEX
0,-0.5235279923444452,-0.11330048397398551,-0.5577994184152766,-0.05393228622651397,-0.24114403751438748,0.12454740422460042,-0.5554133596418105,0.12625067651263136,0.03077048528524414
1,0.0226222266403712,-0.11614040433815939,-0.08366437780575693,0.7126341935240582,0.11347794414364483,-0.6501150015339158,-0.16473139116611796,0.03720913143712219,0.08428944017105769
2,-0.0702668699403367,0.5816628730852528,-0.10872247268642626,0.05504586891624357,-0.27262710159779147,-0.19459366359478625,0.10109980859063411,0.06473817871065575,-0.7178271461811081
3,-0.1487798339371938,-0.0204808185811446,0.05824630919418998,0.09144406801518892,0.5887213556498402,0.20274174332504039,0.020839705121217043,0.7293127685145615,-0.2136866637424536
4,0.18534594678290087,0.2957129197397088,0.08803527150265325,-0.10462339831566002,-0.46983376055561304,-0.1620958846332814,0.02123537486202945,0.6168881586437918,0.4811275348732077
