,AGEP,DEYE,HISP,MSP,NOC,NPF,OWN_RENT,PINCP_DECILE,POVPIP,PUMA,RAC1P,SEX
0,-0.4202983801456892,0.10319236608506899,0.07152951759982014,-0.3574241131440501,0.5379069442938617,0.5030739749246698,0.12043262353163856,-0.3066982869766934,-0.11153736595100663,0.02165191807433528,0.12459250415714924,-0.02010711368765602
1,-0.255710582077059,0.03645415643113986,0.00026858071664228114,0.013037730878058078,-0.05235011019985279,0.029409607641185567,-0.6636930658262254,-0.17305816280514488,0.6682567878212379,-0.07973791941448355,0.0778441066933944,-0.009224452460774914
2,-0.29140140670448006,-0.01006680550441863,0.41844205524352673,0.39474562689677195,-0.12768387961819833,-0.2773323736399009,0.1294240939801392,-0.4119433156033547,-0.16856791393714116,-0.2712330904459225,0.3835999672345001,0.23509623618168984
3,0.021544014431121635,0.2980778779314912,0.3226021634757163,-0.013193977401965533,0.013783136765754017,0.04269660798620248,0.1106425389914863,0.4290537799163795,0.12695394557312695,-0.27143315653756817,0.38243294108496106,-0.6099582668774007
4,0.1721339151509338,-0.8323737083413235,0.39568430193587023,-0.19333873016877728,0.015062115880598581,0.08233891471181265,-0.08082382343043559,0.010755740711865691,0.029544008315226244,0.14152956034202685,0.17543940389979498,-0.13505851921898102
