,AGEP,DEYE,HISP,MSP,NOC,NPF,OWN_RENT,PINCP_DECILE,POVPIP,PUMA,RAC1P,SEX
0,-0.46284916063028975,0.07315148085400758,0.17102328910782308,-0.2350590851361496,0.48444048834535464,0.4494457683752344,0.15138723674413584,-0.4009563118821651,-0.2517830358556853,-0.01283900005220014,0.1094491001409926,0.0033149503493581506
1,0.04494434893080304,-0.15253190350776913,0.17767095538070948,0.3980026121217545,-0.13225403149673545,-0.27466541158826546,0.5667211718828411,-0.10050879647976456,-0.5603120014666069,0.002515902671266571,0.13661576440580905,0.16707518795960621
2,-0.11163374314216026,0.14057025060753453,0.5481060903060134,0.17019105035438617,-0.08535062182635544,-0.07645478895234155,-0.16779926937614664,0.06095908271294544,0.21778723647188977,0.31480041585554697,0.6344714360772824,-0.21048842919697353
3,-0.028794325335344175,-0.3029446971176318,0.07487542606291372,-0.014473375000575515,-0.12003109293574957,-0.08447836649433133,-0.36376801930877467,-0.3909720158971693,0.12195901207307783,-0.027279736815291385,0.1363579933249296,0.7487573408863494
4,0.08955974344878236,-0.448562789779113,0.16996840019312087,-0.027759892226594078,-0.004514239518570662,0.06353431720790195,-0.1450242047534005,0.036375508345915325,-0.055410075145514194,-0.7636142816673653,0.23839199976213526,-0.30280460491949773
