,AGEP,DEYE,DVET,EDU,HOUSING_TYPE,MSP,OWN_RENT,PINCP_DECILE,RAC1P,SEX
0,-0.5028447292406171,0.0430122044912945,-0.07175908242364266,-0.5679702824416618,0.15157002341313838,-0.14873136663161865,-0.08761200318303076,-0.5866974558755628,0.13573808015825997,0.04635121613684491
1,0.08304591705250142,-0.10230268734180432,-0.019075772037855154,0.11162185388090776,0.6716988815264696,0.3945644912925195,-0.5978167220009147,-0.02294975112682328,-0.028007983581810697,0.06525117564494216
2,-0.13513795045844937,0.2606459383708595,0.49819505834568123,-0.0060380191419843465,0.091586767519192,-0.06551219753834893,-0.11924577457642029,0.13773881465729584,0.25369209881644894,-0.7452083295905296
3,0.2222368078403159,-0.655043619378592,0.44402949102174416,-0.21438907305983673,-0.02747864694179062,-0.2593302376221257,-0.10001161192989125,-0.11685032394868683,-0.42037880580731346,-0.10010936582180743
4,0.018644768478138965,-0.46355251690190347,0.267644288707168,0.06380068629860636,-0.0032172989541423697,0.2522850174589709,0.23686945384444064,-0.05798365639618469,0.7405275973679885,0.1938014389742631
