,AGEP,DEYE,HISP,MSP,NOC,NPF,OWN_RENT,PINCP_DECILE,POVPIP,PUMA,RAC1P,SEX
0,-0.46284916063028986,0.07315148085400747,0.17102328910782325,-0.23505908513614976,0.48444048834535447,0.4494457683752342,0.15138723674413598,-0.400956311882165,-0.2517830358556852,-0.012839000052200254,0.10944910014099246,0.0033149503493580396
1,0.044944348930803096,-0.15253190350776968,0.17767095538071045,0.39800261212175486,-0.1322540314967353,-0.2746654115882647,0.5667211718828415,-0.10050879647976407,-0.5603120014666061,0.0025159026712669496,0.1366157644058096,0.1670751879596052
2,-0.11163374314216104,0.14057025060753542,0.5481060903060126,0.1701910503543864,-0.08535062182635665,-0.07645478895234106,-0.16779926937614725,0.060959082712943924,0.2177872364718911,0.3148004158555486,0.6344714360772822,-0.2104884291969724
3,-0.02879432533534297,-0.3029446971176312,0.07487542606291203,-0.014473375000575689,-0.12003109293574787,-0.08447836649433,-0.36376801930877206,-0.3909720158971669,0.12195901207307773,-0.02727973681528704,0.13635799332492937,0.7487573408863528
4,0.08955974344878889,-0.4485627897791713,0.16996840019312953,-0.027759892226607505,-0.004514239518563584,0.06353431720790761,-0.1450242047534003,0.036375508345920515,-0.05541007514551393,-0.763614281667326,0.23839199976212755,-0.30280460491950817
