,AGEP,HISP,MSP,NOC,NPF,OWN_RENT,PINCP_DECILE,POVPIP,PUMA,RAC1P,SEX
0,-0.41840829409804664,0.07317519200018352,-0.3607321473356724,0.5406571467877553,0.5055806361880881,0.12104875481954573,-0.31234783885455536,-0.11426033918891122,0.022956190466682055,0.12398031953303595,-0.019046616995424655
1,-0.25579200990861617,0.0016666730213674985,0.009929854513859936,-0.04968640505320025,0.03200620299598349,-0.664664209555937,-0.17883989153404717,0.6670922851266564,-0.07846254514826147,0.0774074914130347,-0.0073011038835693685
2,-0.291497412744669,0.41824814681787126,0.3957155791138614,-0.1282180386630462,-0.277979720330036,0.13050625514202674,-0.40992921037273233,-0.1687684628892558,-0.27186216017245746,0.38408141027121123,0.23411565107064014
3,0.05343975209419761,0.3857777712473671,-0.06015818723000349,0.02700858604666223,0.06677477280481778,0.09026285570298291,0.41039128426641625,0.13367331415554834,-0.26554517621050255,0.4074950173691114,-0.6391470789929401
4,-0.17424820983452916,0.2653050398509338,0.2374361690560979,-0.0777979588790095,-0.03766831774394222,-0.052572121049977355,-0.10699927780712243,-0.057013507048681224,0.8354238387356843,-0.03927021245115623,-0.3441875723976193
