,AGEP,DEYE,DVET,EDU,HOUSING_TYPE,MSP,OWN_RENT,PINCP_DECILE,RAC1P,SEX
0,-0.525161597083285,0.06525346816091582,-0.11259059023351774,-0.5549528123126448,-0.05893922391740667,-0.2415715788747651,0.12599373017480212,-0.5520087567508631,0.1265859506320118,0.02924494200067467
1,0.02811765841716332,-0.18658641777119309,-0.1171858184477337,-0.09819642367100945,0.7053995999603061,0.1106330077862451,-0.623440203973431,-0.1800531014801276,0.030951825962069395,0.0955864607148155
2,-0.0813493804321312,0.1678038326488765,0.5529867249917669,-0.09293384395818292,0.07833761585472758,-0.25478598948784636,-0.23597543652255687,0.10915704418016073,0.08570655941928862,-0.7104893883239473
3,-0.15479221705589077,0.3132249273013689,-0.1173441112330895,0.09253546874419208,0.09949165121325437,0.561790954096979,0.11943281341258996,0.03871391405783037,0.7010062049706072,-0.15138273614990733
4,-0.005050879427425621,-0.8560167110688449,0.26595651342236454,-0.08439859638473035,0.016422403453307012,0.22538144922975983,0.2840210781056734,-0.06826570574970225,0.1779470192276134,-0.14592489455366342
