,AGEP,DEYE,DVET,EDU,HOUSING_TYPE,MSP,OWN_RENT,PINCP_DECILE,RAC1P,SEX
0,-0.5003671965995965,0.03900010057801073,-0.09147255741886597,-0.571728572058546,0.028571268082506304,-0.23289866092055694,0.06753307375165297,-0.5718403334470065,0.1614235115996017,0.013897306588228554
1,-0.03675130220352635,-0.00945697485413267,-0.02075755036664316,-0.009303160616242347,0.7107583250013613,0.23447166211410697,-0.6402728025062309,-0.11921538103751984,-0.09207325951810777,-0.07245047965053915
2,0.09901175711451761,-0.2779127426599041,0.6235894739239584,-0.16046422730358306,-0.06821032417491618,-0.392535647122963,-0.14847233213294458,0.012234921473095628,-0.2460947331152794,-0.5068089898784662
3,-0.11347758108071708,-0.3436023315316417,0.22875269641392004,0.017965216400233214,0.0969159508767993,0.5511477770143618,0.27656242994914426,-0.01808283657739279,0.5527299875731494,-0.3477484030132182
4,0.2373799763626615,-0.7955381192427731,-0.041654714747556415,-0.09690685272826982,0.00311326418700017,-0.017539553050338594,-0.018473106588024715,-0.16340211137630656,-0.08018248525365183,0.5156119949550555
