,AGEP,HISP,MSP,NOC,NPF,OWN_RENT,PINCP_DECILE,POVPIP,PUMA,RAC1P,SEX
0,-0.37712970483181496,0.10413523716016782,-0.33147797089484343,0.5079493510979782,0.4785791057231924,0.19554130976462333,-0.3508381593954957,-0.2510332787998787,0.08098020901853606,0.13530945076500925,0.02815887984840533
1,0.05217897352424531,0.24807681582745397,0.38321958823988195,-0.12304575686133909,-0.24863022882193894,0.5784354225419214,-0.06139564421859346,-0.5542800656460349,-0.058284657287332585,0.22155712006781464,0.117697635124103
2,-0.43936346916089136,0.31840414482310475,0.2641064334945765,-0.16668641207367027,-0.1558677660249269,-0.30641221380058536,-0.39987663378438343,0.29831913007042593,-0.19432893443510962,0.4450536162784228,-0.07160088936239231
3,0.17623700639528767,0.6169614406085181,-0.10171802336394004,-0.018077411561728762,0.0868211293128896,-0.024411995427562255,0.3000068800516049,0.10596731672846828,0.603570249980393,0.22463869077169252,-0.2312987395801915
4,0.04670494665940929,0.12648154272850815,-0.000444958731693439,-0.09334062214149388,-0.04924091972506552,-0.19457502251121978,-0.238572175775829,0.007353049551729406,0.35551282724200406,-0.15737767160476324,0.8512910417539039
