,AGEP,DEYE,DVET,HOUSING_TYPE,MSP,OWN_RENT,RAC1P,SEX
0,0.4025449275109337,-0.24057956382886614,0.026854821420541436,0.6029498198402212,0.2709386961411099,-0.5707516193430088,-0.11723200911122567,0.05385959631002077
1,-0.5242443349203944,0.3280157877077065,-0.24801540082932025,0.3546461768583358,-0.22822274968566633,-0.3639948280921547,0.47750932906645494,-0.1330223771107098
2,0.03675391347035726,0.08422650268926904,0.6886003477228708,-0.011405755247365413,-0.19283158036199427,-0.1371598440887065,-0.03701345591720105,-0.6781501889834207
3,-0.04317852002652089,-0.17735462171881922,0.10094186302733808,0.05806982342145375,0.6918149769417936,0.29900837875754516,0.5832789207533986,-0.21187571162411986
4,-0.08228848862020034,-0.8314950581456416,0.02452362390668128,-0.007543446962835737,-0.46273615268314017,0.008665838568551465,0.2932887316402159,0.031114905321469655
