,EDU,HISP,INDP_CAT,MSP,OWN_RENT,PINCP_DECILE,PUMA,RAC1P,SEX
0,-0.5711275826037832,0.09765649436928081,-0.5004442530985019,-0.2982862216892421,0.004362825624502027,-0.5535746002048505,0.05716361394535776,0.12286875986066825,0.005393499728212427
1,-0.025747737539155456,0.5862344447408913,0.20355365568546813,0.20483595690526474,0.4980045256423207,-0.03326728927976946,0.035718054410580666,0.5505229960803343,0.13714153676526683
2,-0.027387643779077778,0.28795314487401213,0.10222790078216851,-0.23418829899428079,-0.02830656363992285,0.14753638134549485,0.8607935323039915,-0.23521682401784444,-0.17938086664464653
3,-0.011289996827380178,0.12662160088743216,-0.09007063761035398,0.08884907473648962,-0.15136372707000298,0.09636782792189826,-0.15395168477612,0.2473856620091079,-0.9223524842354348
4,0.041105119419780345,0.3404424175276396,-0.014689687027022197,0.3471448576965183,-0.809686123008835,-0.11316330943766949,0.07429342428192917,0.17733010918457975,0.23732036883592636
