,AGEP,HISP,MSP,NOC,NPF,OWN_RENT,PINCP_DECILE,POVPIP,PUMA,RAC1P,SEX
0,-0.3771297048318145,0.10413523716016859,-0.3314779708948429,0.507949351097978,0.47857910572319173,0.19554130976462358,-0.35083815939549556,-0.25103327879987924,0.08098020901853585,0.13530945076500986,0.028158879848405406
1,0.05217897352424459,0.2480768158274543,0.38321958823988367,-0.1230457568613399,-0.2486302288219399,0.5784354225419208,-0.061395644218594295,-0.5542800656460349,-0.05828465728733178,0.2215571200678141,0.11769763512410283
2,-0.4393634691608908,0.3184041448230995,0.26410643349457485,-0.16668641207366974,-0.15586776602492605,-0.3064122138005854,-0.399876633784383,0.2983191300704262,-0.19432893443511765,0.4450536162784252,-0.07160088936239267
3,0.17623700639528736,0.6169614406085215,-0.10171802336394134,-0.01807741156172804,0.08682112931289027,-0.02441199542756292,0.3000068800516067,0.10596731672847114,0.6035702499803827,0.22463869077170068,-0.23129873958019492
4,0.04670494665941306,0.12648154272851836,-0.00044495873169685465,-0.09334062214149415,-0.04924091972506273,-0.19457502251122213,-0.23857217577582612,0.007353049551732402,0.35551282724200056,-0.15737767160475702,0.8512910417539057
