,AGEP,DEYE,DVET,EDU,HOUSING_TYPE,MSP,OWN_RENT,PINCP_DECILE,RAC1P,SEX
0,-0.5028447292406174,0.04301220449129495,-0.07175908242364258,-0.5679702824416621,0.1515700234131383,-0.1487313666316193,-0.08761200318303096,-0.5866974558755633,0.1357380801582604,0.04635121613684507
1,0.08304591705250192,-0.10230268734180413,-0.01907577203785475,0.11162185388090776,0.6716988815264695,0.3945644912925197,-0.597816722000915,-0.02294975112682386,-0.02800798358181019,0.06525117564494254
2,-0.1351379504584792,0.26064593837094796,0.4981950583456188,-0.006038019141954121,0.09158676751919588,-0.06551219753831411,-0.11924577457640681,0.13773881465731178,0.2536920988165094,-0.745208329590516
3,0.2222368078402971,-0.6550436193785584,0.4440294910218114,-0.21438907305983773,-0.027478646941777728,-0.2593302376221338,-0.10001161192990637,-0.11685032394866807,-0.4203788058072774,-0.10010936582191104
4,0.018644768478135742,-0.46355251690190785,0.2676442887071606,0.06380068629860566,-0.003217298954142876,0.25228501745897847,0.23686945384444574,-0.057983656396184746,0.7405275973679858,0.1938014389742567
