,AGEP,HISP,MSP,NOC,NPF,OWN_RENT,PINCP_DECILE,POVPIP,PUMA,RAC1P,SEX
0,-0.4184082940980466,0.07317519200018352,-0.3607321473356721,0.540657146787755,0.5055806361880879,0.1210487548195451,-0.3123478388545559,-0.11426033918891056,0.02295619046668212,0.12398031953303601,-0.01904661699542428
1,-0.2557920099086164,0.0016666730213695247,0.009929854513861499,-0.04968640505320171,0.03200620299598224,-0.6646642095559373,-0.17883989153404878,0.667092285126656,-0.07846254514826248,0.07740749141303672,-0.007301103883567561
2,-0.291497412744668,0.41824814681787104,0.39571557911386296,-0.12821803866304654,-0.2779797203300356,0.13050625514202857,-0.40992921037273256,-0.16876846288925915,-0.2718621601724571,0.3840814102712108,0.23411565107063795
3,0.05343975209419751,0.38577777124736734,-0.060158187230004295,0.027008586046663008,0.0667747728048182,0.09026285570298304,0.41039128426641686,0.13367331415554937,-0.26554517621050333,0.4074950173691101,-0.6391470789929389
4,-0.17424820983452083,0.2653050398509452,0.23743616905609005,-0.07779795887900937,-0.03766831774393967,-0.05257212104998023,-0.10699927780711674,-0.057013507048678816,0.835423838735691,-0.03927021245114925,-0.34418757239760783
