,AGEP,DEYE,HISP,MSP,NOC,NPF,OWN_RENT,PINCP_DECILE,POVPIP,PUMA,RAC1P,SEX
0,-0.4628491606302896,0.07315148085400769,0.17102328910782327,-0.2350590851361499,0.48444048834535414,0.4494457683752344,0.15138723674413607,-0.40095631188216496,-0.251783035855685,-0.012839000052200213,0.10944910014099259,0.003314950349358081
1,0.044944348930803193,-0.1525319035077689,0.17767095538071084,0.398002612121755,-0.13225403149673529,-0.27466541158826524,0.5667211718828419,-0.1005087964797644,-0.5603120014666056,0.0025159026712669396,0.13661576440581016,0.16707518795960657
2,-0.11163374314216078,0.14057025060753567,0.5481060903060132,0.1701910503543847,-0.08535062182635672,-0.07645478895234224,-0.16779926937614922,0.06095908271294265,0.21778723647189205,0.31480041585555013,0.6344714360772833,-0.2104884291969667
3,-0.02879432533534305,-0.3029446971176317,0.07487542606291042,-0.014473375000576563,-0.12003109293574736,-0.08447836649432955,-0.3637680193087722,-0.39097201589716724,0.12195901207307722,-0.027279736815287954,0.13635799332492285,0.7487573408863543
4,0.08955974344878863,-0.4485627897791674,0.16996840019313209,-0.027759892226608712,-0.0045142395185651385,0.06353431720790595,-0.14502420475340005,0.036375508345919766,-0.055410075145513764,-0.763614281667327,0.2383919997621293,-0.30280460491950645
