,AGEP,DEYE,DVET,EDU,HOUSING_TYPE,MSP,OWN_RENT,PINCP_DECILE,RAC1P,SEX
0,-0.5003671965995965,0.03900010057801084,-0.0914725574188661,-0.5717285720585457,0.0285712680825089,-0.23289866092055622,0.06753307375165048,-0.571840333447006,0.16142351159960328,0.013897306588227708
1,-0.03675130220352481,-0.009456974854131679,-0.02075755036664275,-0.00930316061623995,0.7107583250013619,0.23447166211410755,-0.6402728025062311,-0.1192153810375173,-0.09207325951810647,-0.07245047965053793
2,0.09901175711451507,-0.27791274265991334,0.6235894739239672,-0.16046422730358334,-0.06821032417491302,-0.39253564712294614,-0.14847233213293687,0.012234921473093824,-0.24609473311526453,-0.5068089898784722
3,-0.11347758108070151,-0.34360233153168823,0.22875269641389942,0.01796521640023216,0.09691595087680113,0.5511477770143685,0.276562429949145,-0.018082836577403533,0.5527299875731541,-0.34774840301316784
4,0.23737997636266767,-0.7955381192427484,-0.041654714747573665,-0.0969068527282721,0.003113264186994383,-0.01753955305037272,-0.0184731065880413,-0.1634021113763065,-0.08018248525369506,0.5156119949550793
