,AGEP,DVET,EDU,HOUSING_TYPE,MSP,OWN_RENT,PINCP_DECILE,RAC1P,SEX
0,-0.49827499055679264,-0.0901685169286145,-0.5734945916533554,0.029031609627236193,-0.23250878224365548,0.0677379392358328,-0.5735114526811431,0.16154876022663692,0.013807273727308236
1,-0.037311932942552764,-0.0213536252483598,-0.00835077458572863,0.7107184529249718,0.2345052908826723,-0.6404833628352136,-0.11833349837453899,-0.09220454226446888,-0.07242391602342493
2,0.05620074464746205,0.6021983789361258,-0.13326675738640376,-0.07645100128936001,-0.4384563661164899,-0.1733887078641892,0.05091525687636267,-0.2801125596314822,-0.5542840120699521
3,-0.1950271278074193,0.24378034878665508,0.05175221247879369,0.08706081099111042,0.5066767263980028,0.25837074387671005,0.047323194746256125,0.536617129631386,-0.5278290534994682
4,0.17519382532366434,0.6229138781933002,0.0040402289990351115,0.06295474341276155,-0.10892822499819692,-0.12078577963023863,-0.07099744591671564,0.48528413475784554,0.5570546734545921
