,feature,divergence
0,AGEP,0.9758471298158754
1,PINCP,0.2565517241379311
2,POVPIP,0.08456891640914216
