,feature,divergence
0,AGEP,1.295798319327731
1,PINCP,0.306971010161387
2,POVPIP,0.0406063559150083
