,AGEP,DEAR,DENSITY,DEYE,DPHY,DREM,DVET,EDU,HISP,HOUSING_TYPE,INDP_CAT,MSP,NOC,NPF,OWN_RENT,PINCP_DECILE,PUMA,RAC1P,SEX
0,-0.32662052523846163,0.03472311944572655,-0.02877403342234488,0.01807890226717228,-0.35291374117869934,-0.3617551730008974,-0.026585915298858443,-0.40863432942545275,0.0387241608185116,-0.08046090920496836,-0.2826678762855879,-0.26265363796025926,0.32013306138919495,0.2772647030295489,0.04366778603871756,-0.35354876362025034,0.02520285125072154,0.06365948825996899,-0.006404289855974709
1,0.016499144156176093,-0.13878699732177288,0.046496148000807494,-0.14512097764269172,-0.22333382777553087,-0.22921664110149836,0.016385070297427702,-0.18754559626889758,0.025160057755227165,0.5100422566302496,-0.16055586192151589,0.2554828822140442,-0.3698588325127897,-0.40352657039869494,-0.31856089191903797,-0.23982469856673447,-0.06912424706731123,-0.006677250009759246,0.0641024588083425
2,0.41315946981041946,-0.42958468807014655,-0.08992870469202634,-0.30148340925126055,-0.26067863402999114,-0.2064606854684489,0.2013296283859736,0.016859103766341157,-0.19812838342311678,-0.2923192862479533,-0.19516905710742677,-0.19683808142648695,-0.11779760025110866,-0.09342610772904303,0.20497971081249447,0.16567588839404207,0.1796326372109584,-0.2535259581358579,-0.06499857166175074
3,-0.004202208119263613,-0.05842400301931353,0.5372707863839093,-0.04486763470452624,-0.13888472091837548,-0.12472346062802325,0.02023386893134913,0.022330019376345506,0.27585779083822143,-0.170332362171471,0.031015828320725303,0.10336385275749294,-0.0721455147510238,-0.17681599740612206,0.48457178292847,0.036524117132552596,-0.43875162179243377,0.29710347561358724,-0.0004112906025242721
4,0.06770288117753945,-0.3975864780687753,0.015450864680001706,-0.3365949465094552,0.3657680320192079,0.3811554948448201,0.23201089222041435,-0.07496190667606707,0.2587124352958328,0.08989081362160097,-0.3027110606655069,-0.12331996300064449,0.1367464139421735,0.1623058598575051,-0.1488667226195779,-0.1890857622249587,-0.11781966065461325,0.27235251491138746,-0.11145928271761302
