,AGEP,DEAR,DENSITY,DEYE,DPHY,DREM,DVET,EDU,HISP,HOUSING_TYPE,INDP_CAT,MSP,NOC,NPF,OWN_RENT,PINCP,PINCP_DECILE,POVPIP,PUMA,RAC1P,SEX
0,-0.33934196773211567,0.06287722508431376,-0.040702523025544377,0.027422188475546616,-0.278489974308738,-0.2967814132503441,-0.04079668552086403,-0.3712639358732845,0.08819063987984414,-0.06082761675747436,-0.24120381459934392,-0.22697165792708435,0.28806130794732004,0.25246587203982396,0.07046240707958407,0.39935332778192806,-0.34342826625290046,-0.13885344787315404,-0.01792988898042961,0.05824897127235732,-0.008403267386423942
1,0.14790131075449914,-0.24487482583592637,-0.009824541542388732,-0.18001287955981854,-0.35153776868462855,-0.33533876336264556,0.025791935164677607,-0.11980143556217049,-0.10949166904904035,0.4287240107862085,-0.20434251312186097,-0.036900160204620794,-0.310739318719766,-0.3129874646047054,-0.3378372041053133,0.06057871267873569,-0.049900603834443474,0.2790733091009132,-0.010478370876497767,-0.05362710385871925,-0.004494481483633602
2,-0.056080046412623055,0.06970621120535854,0.6889745129515492,0.022775127048364624,-0.07450851128455012,-0.07776023441897856,-0.030789804988268783,0.042484452821113725,0.08865035570852174,-0.004362473395853631,0.03400080235468879,0.008831476181429402,-0.011373291959909566,-0.05868685019894995,0.05529363013022726,0.0282950016932443,0.016806993052843396,0.06507194884075906,0.6835507641985666,0.11820282802347651,0.01290453629669722
3,0.1735654092914013,-0.28495960297952644,0.016603807728964668,-0.28709771668479195,-0.22655390409274462,-0.17893672891674794,0.09098081001612555,-0.05140418910321998,0.004135286967832424,-0.26239742260983634,-0.060665578512083325,0.16593945729949797,-0.15569456810221505,-0.2509494307489749,0.5171018910080557,-0.1074410339700616,-0.02578551863306954,-0.4887017615953244,-0.01514942327573288,-0.02055421116199552,0.07294517857395798
4,-0.15798946210416928,0.1295280208783867,-0.0344374979566214,-0.03739317684643989,0.16274356408360044,0.14531352958057636,-0.34030277383489116,-0.14261156178970819,0.31547184492552865,0.3430382785103729,-0.02536241477651507,0.4388362726342837,-0.10267069853463126,-0.16828646552873025,-0.027127015652561363,-0.08059636380219307,-0.33223137437837175,-0.15885009699140792,-0.05061033590352851,0.3018216526013236,0.2935163076726108
