,AGEP,DEAR,DENSITY,DEYE,DPHY,DREM,DVET,EDU,HISP,HOUSING_TYPE,INDP_CAT,MSP,NOC,NPF,OWN_RENT,PINCP,PINCP_DECILE,POVPIP,PUMA,RAC1P,SEX
0,-0.3043562595916136,0.03469518893710373,-0.022714033615421073,0.019934407319027157,-0.3051724592593256,-0.3134324770830635,-0.02417206987614212,-0.37160195853651085,0.0331616415901948,-0.07935331602966769,-0.25883114318185335,-0.25397581476609193,0.2938622595668595,0.24417546816973268,0.04645195349557651,0.4202703245328313,-0.3232872545162645,-0.05896635203578825,0.01894150470198553,0.05621406256337798,-0.006460271081819237
1,-0.048044748870997696,-0.08143135136527466,0.03332269540776852,-0.09953453216003505,-0.18934672326319596,-0.19967812886158107,0.0033724489134353236,-0.16696309528072625,0.020136681539103234,0.5429805194121489,-0.12635820812994142,0.20190400399198768,-0.30917652861800216,-0.3194699290144883,-0.40485269337816454,0.021169238292561676,-0.21376635781665346,0.33104319560585665,-0.07342300804228194,0.007966342916456573,0.04149117318789254
2,0.3568224491957732,-0.39654731666617155,0.0006612578046830912,-0.2967048858861699,-0.29303930126539535,-0.24997879736579565,0.14699348786498806,-0.07729108497006829,-0.08899690238105247,-0.1943116330332902,-0.2225732132274587,0.0063629733804979605,-0.2228395229118717,-0.2615549004744459,0.2849889450412875,-0.06471751638780848,0.006556919307096884,-0.33979013391229484,0.09452521428861882,-0.16696375196049895,0.020169648386073127
3,-0.1816466493046325,0.15836858743748003,0.35239412927851593,0.0901895420828379,0.031970557904513905,0.011584347536055459,-0.13878136354747328,-0.0816639732714494,0.3149176630986692,0.018546774921955056,0.05821132073011181,0.3468034779534815,-0.08932803549925684,-0.23182248844997846,0.3641336699113738,-0.02214174945746955,-0.20122646198817307,-0.3360897241016214,-0.31310075332581316,0.2957660103701144,0.1599419889273842
4,0.09700194640926134,-0.33519409989002663,0.3701361977342465,-0.22824184864362781,0.09074242454174797,0.11542661540823092,0.3096495316372583,0.06660609707855739,0.20540870813746182,0.018614541741755697,-0.1422420532490315,-0.24299408050550197,0.09044998468831146,0.1258967074816781,-0.04838820611902365,0.05090124537724948,0.09859293461051007,0.17931908768538277,-0.4060757337446795,0.31839215273818605,-0.3291428715321421
