,AGEP,HISP,MSP,NOC,NPF,OWN_RENT,PINCP_DECILE,POVPIP,PUMA,RAC1P,SEX
0,-0.4620673165575864,0.17229438035653888,-0.23524154992406773,0.48525643017749914,0.44975173836798504,0.15256761391536067,-0.4038975082063277,-0.25521431409626055,-0.013253438783225144,0.10945176274988132,0.004434341342924232
1,0.04022263831139132,0.17952821707467329,0.4134443307775205,-0.13969336011938305,-0.28381007263920477,0.5779938689345119,-0.08425944050002022,-0.5547096160240302,0.009575165190557405,0.14606512945054703,0.15762969903433058
2,-0.10705523648905003,0.5597321764429595,0.14670291473082459,-0.08323796522869015,-0.06712917640353577,-0.2124491182465437,0.03465886196805418,0.233809315796353,0.3108301723292698,0.6413793303764177,-0.1824744761603504
3,-0.04743752371493518,0.001967173877628395,0.026973041675103338,-0.13594230202908483,-0.11168192354357198,-0.31025322956712015,-0.39804866617398177,0.10449213536054604,-0.028986063252195233,0.08625873147996821,0.8319651020294354
4,0.0384999701622956,0.10322755847068814,0.07154933010310509,-0.056336227181838755,0.014544651477989345,-0.15383582298266615,-0.021778709689939883,-0.04212116724928768,-0.9284815800060372,0.27253681804360413,-0.1307244142958164
