,AGEP,DEYE,DVET,EDU,HOUSING_TYPE,MSP,OWN_RENT,PINCP_DECILE,RAC1P,SEX
0,-0.5251615970832844,0.06525346816091593,-0.11259059023351785,-0.5549528123126449,-0.058939223917406795,-0.24157157887476585,0.12599373017480253,-0.5520087567508632,0.12658595063201156,0.02924494200067488
1,0.028117658417163734,-0.186586417771192,-0.1171858184477335,-0.09819642367101003,0.7053995999603055,0.11063300778624326,-0.6234402039734325,-0.18005310148012754,0.030951825962069118,0.09558646071481523
2,-0.08134938043213248,0.16780383264888232,0.5529867249917659,-0.09293384395818227,0.07833761585472805,-0.25478598948784237,-0.23597543652255462,0.10915704418016074,0.08570655941928901,-0.7104893883239471
3,-0.1547922170558895,0.31322492730136486,-0.11734411123309439,0.0925354687441921,0.09949165121325376,0.5617909540969777,0.11943281341258985,0.0387139140578297,0.7010062049706096,-0.15138273614990477
4,-0.005050879427424731,-0.8560167110688454,0.2659565134223699,-0.08439859638473085,0.016422403453308358,0.22538144922975556,0.28402107810567095,-0.06826570574970192,0.17794701922761644,-0.14592489455366164
