,AGEP,DVET,EDU,HOUSING_TYPE,MSP,OWN_RENT,PINCP_DECILE,RAC1P,SEX
0,-0.4998057299410395,-0.07106053098906429,-0.5692835980526698,0.15567481101450234,-0.14672118901377001,-0.09099128616656739,-0.5888061433512743,0.1344792154541646,0.04735310080905513
1,0.07761816699081828,-0.02230235271500019,0.12350856052983226,0.6735634470931825,0.3992316465832572,-0.6004735578258827,-0.011662828755799041,-0.023893010335050244,0.06224664354845695
2,-0.05102814145195846,0.6186303444425223,-0.0794209362763848,0.07529543234999966,-0.14724358821647396,-0.14155313037776845,0.08853405886324905,0.10438112852221279,-0.7363856842050334
3,-0.20801078825285313,-0.1925559042714995,0.17537913507554287,0.022752657068109732,0.34120219142877384,0.21871078352009876,0.09607763615491527,0.8330627760491262,-0.1445695957161902
4,0.16583733737205017,0.6869815151997942,0.029633444012215737,0.0047653812668931594,-0.06756593636979466,0.01424786069033113,-0.1107854696081984,0.33605441357567645,0.6080126470664253
