,AGEP,HISP,MSP,NOC,NPF,OWN_RENT,PINCP_DECILE,POVPIP,PUMA,RAC1P,SEX
0,-0.37712970483181446,0.10413523716016848,-0.331477970894843,0.5079493510979786,0.4785791057231917,0.19554130976462428,-0.35083815939549573,-0.25103327879988013,0.08098020901853627,0.135309450765009,0.02815887984840621
1,0.05217897352424493,0.24807681582745425,0.38321958823988383,-0.12304575686134046,-0.24863022882194002,0.5784354225419205,-0.06139564421859367,-0.5542800656460345,-0.05828465728733377,0.22155712006781508,0.11769763512410271
2,-0.43936346916089153,0.3184041448231,0.2641064334945749,-0.16668641207366916,-0.15586776602492566,-0.30641221380058575,-0.39987663378438426,0.2983191300704267,-0.19432893443511648,0.4450536162784236,-0.07160088936239155
3,0.17623700639528636,0.6169614406085219,-0.10171802336393979,-0.018077411561728873,0.08682112931288918,-0.024411995427563463,0.3000068800516043,0.10596731672847053,0.6035702499803864,0.22463869077169876,-0.2312987395801929
4,0.0467049466594126,0.12648154272851314,-0.00044495873169550504,-0.09334062214149424,-0.04924091972506446,-0.1945750225112206,-0.2385721757758262,0.007353049551731208,0.3555128272420012,-0.1573776716047573,0.8512910417539067
