,AGEP,DEYE,DVET,HOUSING_TYPE,MSP,OWN_RENT,RAC1P,SEX
0,0.4025449275109349,-0.24057956382886858,0.026854821420543573,0.6029498198402211,0.27093869614111143,-0.5707516193430071,-0.11723200911122494,0.05385959631002338
1,-0.5242443349203921,0.3280157877077058,-0.24801540082931345,0.354646176858338,-0.2282227496856707,-0.3639948280921588,0.47750932906645316,-0.13302237711071374
2,0.03675391347036329,0.08422650268927223,0.6886003477228725,-0.011405755247369094,-0.19283158036199366,-0.13715984408870602,-0.03701345591721042,-0.6781501889834183
3,-0.043178520026521026,-0.1773546217188044,0.10094186302734212,0.0580698234214532,0.6918149769417966,0.2990083787575431,0.5832789207533974,-0.2118757116241236
4,-0.08228848862019804,-0.8314950581456422,0.024523623906691244,-0.00754344696283657,-0.4627361526831327,0.008665838568555406,0.29328873164022734,0.031114905321467573
