,AGEP,DEYE,HISP,MSP,NOC,NPF,OWN_RENT,PINCP_DECILE,POVPIP,PUMA,RAC1P,SEX
0,-0.4202983801456891,0.1031923660850691,0.07152951759981992,-0.35742411314404976,0.5379069442938614,0.5030739749246695,0.120432623531638,-0.30669828697669355,-0.11153736595100626,0.021651918074335304,0.12459250415714909,-0.02010711368765638
1,-0.25571058207705927,0.03645415643114011,0.0002685807166440124,0.013037730878059418,-0.052350110199853264,0.02940960764118533,-0.6636930658262257,-0.17305816280514533,0.6682567878212382,-0.07973791941448406,0.07784410669339538,-0.00922445246077576
2,-0.29140140670447917,-0.010066805504418769,0.4184420552435274,0.3947456268967722,-0.12768387961819821,-0.27733237363990076,0.1294240939801408,-0.41194331560335473,-0.16856791393714304,-0.2712330904459217,0.38359996723450057,0.23509623618169073
3,0.021544014431118474,0.29807787793150065,0.3226021634757177,-0.013193977401960506,0.013783136765753184,0.042696607986201646,0.11064253899148746,0.4290537799163795,0.12695394557312567,-0.27143315653755967,0.3824329410849577,-0.6099582668774008
4,0.17213391515093818,-0.832373708341324,0.395684301935868,-0.19333873016878148,0.01506211588060058,0.08233891471181487,-0.08082382343043452,0.010755740711871409,0.02954400831522759,0.14152956034200975,0.1754394038998,-0.13505851921898043
