,EDU,HISP,INDP_CAT,MSP,OWN_RENT,PINCP_DECILE,PUMA,RAC1P,SEX
0,-0.5711275826037827,0.09765649436927992,-0.500444253098502,-0.2982862216892411,0.0043628256245021105,-0.5535746002048509,0.05716361394535717,0.12286875986066836,0.005393499728212594
1,-0.025747737539149818,0.5862344447408908,0.20355365568546896,0.20483595690526393,0.4980045256423209,-0.03326728927977596,0.03571805441057838,0.5505229960803354,0.1371415367652662
2,-0.02738764377907815,0.28795314487401613,0.1022279007821692,-0.23418829899428303,-0.028306563639922944,0.14753638134549515,0.8607935323039897,-0.235216824017841,-0.17938086664465086
3,-0.011289996827380456,0.12662160088742985,-0.09007063761035478,0.0888490747364905,-0.15136372706999965,0.09636782792189748,-0.1539516847761249,0.24738566200910686,-0.9223524842354347
4,0.04110511941977983,0.3404424175276405,-0.014689687027022696,0.3471448576965208,-0.809686123008835,-0.11316330943766977,0.07429342428192909,0.17733010918457878,0.2373203688359226
