,AGEP,DEYE,DVET,HOUSING_TYPE,MSP,OWN_RENT,RAC1P,SEX
0,0.009414790221473361,-0.08831943979062169,-0.029237358095552796,0.6906370314833629,0.3667601357226099,-0.6139090372003232,-0.0055467676205732674,0.05337261632211547
1,0.6764790391651735,-0.45557666721537227,0.23250650502939263,-0.10593886239467108,0.15793842497798324,0.05205158779621605,-0.483863109245391,0.08812644351945083
2,-0.022358566592441415,-0.011012831742910891,0.6772542220367302,0.055990473122684396,-0.13191212218039855,-0.10906805119702699,0.10918006424223226,-0.70452371393152
3,0.009394112618652863,-0.5683911971129715,0.15697033477407912,0.002693254661717173,0.1670854039346323,0.18917692681235873,0.736876002366681,0.21331800993531608
4,0.004654768395410006,-0.33822318566189735,-0.07056847217105747,0.014208352486905655,-0.8277566700621184,-0.41275594533653825,0.002056844233769617,0.15763507673029323
