,EDU,HISP,INDP_CAT,MSP,OWN_RENT,PINCP_DECILE,PUMA,RAC1P,SEX
0,-0.5661256654249888,0.1550997920394951,-0.48974627551270167,-0.3043552111334552,0.04948152447213328,-0.5534536170037252,-0.043899327019964234,0.10682166712636443,0.02940968572956649
1,-0.003460126786582637,0.6176667604119582,0.206894539405392,0.2600836941654916,0.3389320071304749,-0.020471515636095172,0.21019913550127983,0.5896488174217619,0.029385869665187685
2,-0.01855610931064488,0.12612634670486247,-0.10267619157272065,-0.2135048290619349,-0.2902481486688426,0.22623656138595968,0.040804082253661146,0.20127577296703178,-0.86603534783519
3,-0.050007315340294574,0.05132823467927523,0.08272803769323012,0.1870751135571894,0.031452503601843984,-0.003924210086919663,-0.9599163500806981,0.16169289819499263,-0.06659581456504685
4,0.08749415590914021,0.1004166266218383,0.0039022339364780945,-0.00744387310126127,-0.8449588410538795,-0.04769712797520369,0.0072988912787292064,0.3602809085133131,0.3689235275201621
