,AGEP,DEYE,DVET,HOUSING_TYPE,MSP,OWN_RENT,RAC1P,SEX
0,0.00941479022147336,-0.08831943979062162,-0.029237358095552914,0.6906370314833619,0.3667601357226084,-0.6139090372003229,-0.005546767620572775,0.05337261632211717
1,0.676479039165173,-0.4555766672153738,0.23250650502939324,-0.10593886239467065,0.1579384249779827,0.052051587796215854,-0.4838631092453902,0.08812644351944929
2,-0.022358566592442945,-0.011012831742905483,0.6772542220367316,0.05599047312268458,-0.13191212218039822,-0.10906805119702813,0.10918006424222934,-0.7045237139315198
3,0.009394112618649144,-0.568391197112982,0.15697033477407374,0.0026932546617173397,0.16708540393462248,0.18917692681235476,0.7368760023666804,0.21331800993530614
4,0.004654768395411223,-0.3382231856618814,-0.07056847217104663,0.014208352486905884,-0.8277566700621227,-0.41275594533654136,0.0020568442337628168,0.1576350767303011
