,DVET,EDU,HOUSING_TYPE,MSP,OWN_RENT,PINCP_DECILE,RAC1P,SEX
0,-0.09031920309991048,-0.6526079752061529,-0.06349458514777671,-0.3458156832193596,0.10305849230679284,-0.6267725044602113,0.1878047203007328,0.05991481447898428
1,-0.032232775404415576,-0.09494912511477957,0.707072878146799,0.18370880157884178,-0.6381895809962034,-0.201067752956996,-0.06955819892601728,-0.06076353702854448
2,0.6191160860933875,-0.10489808312742249,-0.07171062381599583,-0.37688464205705,-0.14229518646533468,0.07709388088563332,-0.2564692480512384,-0.6054249378352928
3,0.22628227339520054,-0.031051272501165378,0.10700090777168786,0.4467506861810187,0.2162473014100735,-0.046544584562483726,0.7181067812911164,-0.4149579958266402
4,0.740056850637378,0.023716331941204816,0.05307972837067547,0.07121889655772631,-0.006103888259119866,-0.0875446420172071,0.08985298546435738,0.6542850478487771
