,AGEP,DVET,EDU,HOUSING_TYPE,MSP,OWN_RENT,PINCP_DECILE,RAC1P,SEX
0,-0.5235279923444452,-0.11330048397398518,-0.5577994184152767,-0.05393228622651357,-0.24114403751438768,0.12454740422460013,-0.55541335964181,0.1262506765126309,0.030770485285244585
1,0.02262222664037137,-0.11614040433815917,-0.08366437780575614,0.7126341935240582,0.11347794414364283,-0.6501150015339163,-0.1647313911661179,0.03720913143712047,0.08428944017105772
2,-0.07026686994033629,0.581662873085251,-0.1087224726864266,0.05504586891624256,-0.2726271015977928,-0.19459366359478714,0.10109980859063478,0.06473817871065626,-0.7178271461811081
3,-0.14877983393719485,-0.02048081858114422,0.058246309194189355,0.09144406801519118,0.588721355649841,0.20274174332503916,0.020839705121216467,0.7293127685145603,-0.21368666374245457
4,0.18534594678290245,0.2957129197396946,0.08803527150265389,-0.10462339831566252,-0.4698337605556188,-0.16209588463328442,0.021235374862033057,0.6168881586437972,0.4811275348732013
