,DEAR,DEYE,DPHY,OWN_RENT,SEX
0,-0.676383601095739,-0.6730291899230431,-0.2789960406455074,-0.028986548201768908,-0.10420135799388555
1,0.11800496582610065,-0.0627321524816129,-0.42013722492865346,0.6920276546574783,0.5715959608883924
2,-0.14910489650820719,-0.17998784288057984,0.5433922104759444,-0.2842144831612353,0.7545323978517631
3,0.09951869747125346,0.16059707693926664,-0.6709839703479952,-0.6534760564767209,0.2950494244696359
4,0.7045876885810902,-0.6963543220590477,0.012301978031544453,-0.11157363660669117,-0.07776137987787367
