,AGEP,DEYE,DVET,HOUSING_TYPE,MSP,OWN_RENT,RAC1P,SEX
0,0.09368625905768911,-0.03596741501197323,0.016659690214674033,0.6847440298347529,0.27739047108175663,-0.6455324458595156,-0.14283995028419624,-0.08195385742737223
1,0.6810928925787805,-0.45107214390470984,0.36777360376283164,-0.20749360041098913,0.12031325758821343,0.04357433869085625,-0.3704273260260026,0.02729410238594729
2,-0.17250763946824751,0.09594641304460591,0.5603226643763468,-0.027678453624709658,-0.39802252257941423,-0.11682718980074945,-0.05579986890494506,-0.6863844906559836
3,-0.1035292842668715,-0.35039378986118597,0.18348310525758194,0.10203420670951348,0.5793098135918456,0.2814153633284567,0.5600022122420019,-0.30664622207856906
4,-0.037145057659374314,-0.6146181645653295,-0.014833597886123095,0.07348361466987793,-0.5532824052751726,-0.25707691023879675,0.43181896611640885,0.237838815090762
