,AGEP,DEYE,HISP,MSP,NOC,NPF,OWN_RENT,PINCP_DECILE,POVPIP,PUMA,RAC1P,SEX
0,-0.4202983801456887,0.10319236608506888,0.07152951759981974,-0.3574241131440502,0.5379069442938612,0.5030739749246698,0.12043262353163875,-0.30669828697669294,-0.1115373659510067,0.02165191807433554,0.12459250415714876,-0.020107113687656313
1,-0.25571058207705877,0.03645415643113947,0.0002685807166407858,0.013037730878056701,-0.05235011019985193,0.029409607641187163,-0.6636930658262259,-0.17305816280514338,0.6682567878212379,-0.07973791941448147,0.0778441066933925,-0.009224452460776154
2,-0.2914014067044809,-0.010066805504418047,0.41844205524352873,0.3947456268967711,-0.12768387961819805,-0.2773323736399007,0.12942409398013793,-0.41194331560335495,-0.16856791393713877,-0.2712330904459233,0.38359996723450185,0.2350962361816909
3,0.021544014431121517,0.2980778779314917,0.32260216347571663,-0.013193977401965405,0.013783136765753795,0.042696607986202714,0.11064253899148557,0.4290537799163792,0.12695394557312725,-0.2714331565375674,0.38243294108495907,-0.6099582668774012
4,0.172133915150936,-0.8323737083413242,0.39568430193586873,-0.1933387301687793,0.01506211588059958,0.08233891471181365,-0.08082382343043495,0.010755740711867356,0.029544008315227174,0.14152956034201994,0.17543940389979554,-0.13505851921897855
