,AGEP,HISP,MSP,NOC,NPF,OWN_RENT,PINCP_DECILE,POVPIP,PUMA,RAC1P,SEX
0,-0.4184082940980471,0.07317519200018308,-0.36073214733567194,0.540657146787755,0.5055806361880877,0.12104875481954527,-0.3123478388545557,-0.11426033918891106,0.02295619046668208,0.12398031953303568,-0.019046616995424155
1,-0.2557920099086162,0.0016666730213681646,0.009929854513860085,-0.04968640505320089,0.03200620299598292,-0.6646642095559364,-0.17883989153404722,0.6670922851266564,-0.07846254514826259,0.07740749141303607,-0.007301103883569015
2,-0.29149741274466967,0.4182481468178702,0.3957155791138635,-0.1282180386630457,-0.27797972033003726,0.13050625514202718,-0.4099292103727338,-0.16876846288925818,-0.2718621601724561,0.3840814102712098,0.2341156510706403
3,0.05343975209419825,0.38577777124736945,-0.060158187230005024,0.027008586046662675,0.06677477280481696,0.09026285570298337,0.4103912842664157,0.13367331415554762,-0.26554517621050194,0.40749501736911353,-0.639147078992937
4,-0.1742482098345294,0.2653050398509342,0.23743616905609824,-0.07779795887900906,-0.037668317743941415,-0.052572121049978035,-0.10699927780712158,-0.05701350704868016,0.8354238387356838,-0.0392702124511583,-0.34418757239762093
