,AGEP,DEYE,DVET,EDU,HOUSING_TYPE,MSP,OWN_RENT,PINCP_DECILE,RAC1P,SEX
0,-0.5251615970832846,0.06525346816091604,-0.11259059023351818,-0.5549528123126448,-0.05893922391740695,-0.24157157887476582,0.12599373017480214,-0.5520087567508631,0.12658595063201197,0.02924494200067486
1,0.02811765841716357,-0.18658641777119223,-0.11718581844773335,-0.09819642367100939,0.7053995999603043,0.11063300778624449,-0.6234402039734319,-0.18005310148012776,0.030951825962069572,0.0955864607148163
2,-0.08134938043213369,0.16780383264887994,0.5529867249917662,-0.09293384395818217,0.07833761585473024,-0.25478598948783726,-0.2359754365225528,0.1091570441801609,0.08570655941929603,-0.7104893883239497
3,-0.15479221705588816,0.3132249273013713,-0.11734411123310219,0.09253546874419405,0.09949165121325189,0.5617909540969767,0.11943281341258953,0.038713914057830284,0.701006204970609,-0.1513827361498983
4,-0.005050879427427513,-0.856016711068842,0.26595651342236853,-0.08439859638472935,0.016422403453309906,0.22538144922976514,0.2840210781056748,-0.06826570574970281,0.17794701922761863,-0.14592489455365892
