,AGEP,HISP,MSP,NOC,NPF,OWN_RENT,PINCP_DECILE,POVPIP,PUMA,RAC1P,SEX
0,-0.37712970483181485,0.10413523716016904,-0.33147797089484254,0.5079493510979785,0.47857910572319196,0.19554130976462447,-0.35083815939549534,-0.2510332787998796,0.08098020901853503,0.13530945076501041,0.028158879848405684
1,0.05217897352424442,0.24807681582745614,0.38321958823988383,-0.12304575686134117,-0.2486302288219412,0.5784354225419198,-0.06139564421859424,-0.5542800656460338,-0.058284657287329365,0.22155712006781536,0.11769763512410157
2,-0.43936346916089186,0.31840414482310087,0.2641064334945749,-0.1666864120736705,-0.15586776602492716,-0.30641221380058714,-0.3998766337843845,0.29831913007042715,-0.19432893443511098,0.44505361627842266,-0.07160088936239295
3,0.17623700639528592,0.6169614406085173,-0.10171802336394088,-0.01807741156172693,0.08682112931289121,-0.024411995427562047,0.3000068800516088,0.1059673167284712,0.6035702499803847,0.22463869077169757,-0.2312987395802054
4,0.04670494665941946,0.12648154272852286,-0.0004449587317014725,-0.09334062214149293,-0.04924091972505969,-0.19457502251122102,-0.2385721757758188,0.00735304955173418,0.3555128272420023,-0.1573776716047496,0.8512910417539089
