,AGEP,HISP,MSP,NOC,NPF,OWN_RENT,PINCP_DECILE,POVPIP,PUMA,RAC1P,SEX
0,-0.46206731655758665,0.17229438035653843,-0.23524154992406787,0.48525643017749903,0.4497517383679851,0.15256761391536067,-0.40389750820632775,-0.2552143140962601,-0.013253438783225262,0.10945176274988141,0.004434341342924544
1,0.040222638311391286,0.17952821707467156,0.4134443307775195,-0.1396933601193829,-0.2838100726392043,0.577993868934512,-0.08425944050001999,-0.5547096160240308,0.009575165190556638,0.14606512945054567,0.15762969903433025
2,-0.10705523648905031,0.559732176442958,0.14670291473082409,-0.0832379652286907,-0.0671291764035363,-0.21244911824654267,0.03465886196805379,0.23380931579635167,0.3108301723292689,0.6413793303764188,-0.18247447616035095
3,-0.04743752371493356,0.001967173877628981,0.026973041675100402,-0.13594230202908458,-0.11168192354357222,-0.3102532295671183,-0.39804866617398066,0.10449213536054598,-0.028986063252187954,0.08625873147996714,0.8319651020294377
4,0.038499970162293735,0.10322755847068486,0.07154933010310786,-0.056336227181840205,0.014544651477988467,-0.15383582298266987,-0.021778709689944744,-0.042121167249287536,-0.9284815800060375,0.27253681804360463,-0.1307244142958111
