,AGEP,DEYE,DVET,EDU,HOUSING_TYPE,MSP,OWN_RENT,PINCP_DECILE,RAC1P,SEX
0,-0.5003671965995964,0.03900010057801051,-0.09147255741886552,-0.5717285720585458,0.02857126808250772,-0.2328986609205566,0.06753307375165232,-0.5718403334470064,0.1614235115996025,0.01389730658822811
1,-0.03675130220352546,-0.0094569748541317,-0.020757550366641807,-0.009303160616241892,0.7107583250013608,0.23447166211410664,-0.640272802506232,-0.11921538103751826,-0.09207325951810755,-0.07245047965053972
2,0.09901175711451422,-0.2779127426599072,0.6235894739239655,-0.16046422730358262,-0.06821032417491424,-0.39253564712294947,-0.14847233213293676,0.012234921473096405,-0.24609473311526378,-0.5068089898784762
3,-0.11347758108071078,-0.34360233153165726,0.22875269641390386,0.01796521640023449,0.09691595087680124,0.5511477770143695,0.2765624299491455,-0.01808283657739762,0.5527299875731551,-0.34774840301318866
4,0.23737997636266628,-0.7955381192427612,-0.04165471474755546,-0.09690685272827226,0.0031132641869984212,-0.017539553050356385,-0.01847310658803375,-0.1634021113763071,-0.08018248525366925,0.515611994955066
