,DEAR,DEYE,DPHY,OWN_RENT,SEX
0,-0.6695939348464844,-0.6683698377198605,-0.31986683236869695,-0.030172539361981693,-0.04123772377320045
1,-0.005038849455691025,-0.17190168351844798,0.3985559067728099,-0.8188360057743718,0.375613106831568
2,0.13478617031751416,-0.008427118676681509,-0.3982593339567551,0.21177853590318269,0.8822137080146593
3,-0.21876226369677687,-0.18443740832573893,0.7616376829093066,0.5251917743996618,0.24941442313511844
4,0.6968459892159562,-0.6997452374334137,0.011659400318357771,0.08899811992150389,-0.12925038892608734
