,AGEP,DEYE,DVET,HOUSING_TYPE,MSP,OWN_RENT,RAC1P,SEX
0,0.009414790221476517,-0.0883194397906232,-0.029237358095551842,0.6906370314833619,0.36676013572261,-0.6139090372003229,-0.005546767620574412,0.05337261632211618
1,0.676479039165172,-0.4555766672153745,0.2325065050293933,-0.10593886239467382,0.15793842497798116,0.05205158779621773,-0.4838631092453904,0.08812644351945019
2,-0.02235856659244294,-0.011012831742908947,0.67725422203673,0.05599047312268474,-0.13191212218039924,-0.10906805119702757,0.10918006424222973,-0.7045237139315205
3,0.009394112618651295,-0.5683911971129704,0.15697033477407932,0.0026932546617166875,0.16708540393463675,0.18917692681236087,0.7368760023666818,0.2133180099353106
4,0.004654768395409173,-0.33822318566189835,-0.07056847217105476,0.014208352486905738,-0.8277566700621177,-0.41275594533653753,0.002056844233774807,0.15763507673029664
