,feature,divergence
2,DPHY,0.003609483428898108
0,SEX,0.0023473614506765994
1,OWN_RENT,0.00045785199614611916
4,DEAR,0.0003989603979310252
3,DEYE,0.0003174058145475056
