,AGEP,DEAR,DENSITY,DEYE,DPHY,DREM,DVET,EDU,HISP,HOUSING_TYPE,INDP_CAT,MSP,NOC,NPF,OWN_RENT,PINCP,PINCP_DECILE,POVPIP,PUMA,RAC1P,SEX
0,-0.28776891504567836,0.031248648617883828,-0.048776108968879385,0.009461474040714901,-0.29246533672682756,-0.30627305172209696,-0.027543432933679345,-0.36656428195634405,0.04278551102252721,-0.09323568975584104,-0.24374258702339302,-0.2679511199514602,0.2983209366416949,0.27062580001779035,0.07655103913736362,0.40404534876918496,-0.3200765976929805,-0.13115959586684414,0.046708790915063254,0.06606459490375026,0.0007147922012857598
1,-0.05736834384360633,-0.07215371498602009,-0.03605439375705169,-0.04956028718930405,-0.2017835298019087,-0.20547938781837705,0.0030154378790244116,-0.1389715836250512,-0.06821544993509246,0.5403596602964871,-0.2011497439891005,0.07443812326504626,-0.2765001395103922,-0.24656374530300929,-0.46807311502102716,0.06548782661090924,-0.16051953242601782,0.38021250800101886,-0.061003995228383484,-0.06303519701690409,-0.06474368403566064
2,0.24322232650039038,-0.19355191010489475,-0.4799760282396325,-0.06612910686120227,-0.008809627945538169,0.009711795339688245,0.17321883869434376,0.09718524420511696,-0.3280816909513337,-0.14360073878139487,-0.05830110765560922,-0.3642256937357391,0.12653060735697233,0.20441343555852204,-0.2502342802655862,0.016697352261564935,0.21302664166259644,0.1369064840630517,0.23642586684234917,-0.3422145856278573,-0.08287405869480453
3,0.28897382223311124,-0.4343997030325893,0.009524319380608173,-0.41957783430741646,-0.30983966224616455,-0.2602685474345266,0.15096940914113613,-0.08720874632098148,-0.008598467646355563,-0.1591063292938798,-0.14204036661014047,0.12046756835585506,-0.22023536183540737,-0.2607059552971166,0.24679498946414943,-0.10812168978294348,-0.021451395877285825,-0.3268653672957619,-0.008416544438474617,-0.03148695400944917,0.002821939090407438
4,-0.016830374202874768,-0.1741885762107213,-0.29702705045826455,-0.18882624404242165,0.4367612775092021,0.4411553223915163,-0.03012577070431133,-0.20081824737549073,0.12479428474569118,0.14625163346473666,-0.2858133807757512,0.17065176634843002,0.028802664616026562,0.029196400254448047,-0.10173517051998256,-0.041516327491945934,-0.3821021569611124,-0.25344995640754986,0.2082795414491727,0.05204775583042994,0.03197311796357966
