,AGEP,DVET,EDU,HOUSING_TYPE,MSP,OWN_RENT,PINCP_DECILE,RAC1P,SEX
0,-0.523527992344445,-0.11330048397398518,-0.5577994184152769,-0.05393228622651323,-0.24114403751438748,0.12454740422459956,-0.5554133596418105,0.126250676512631,0.030770485285244356
1,0.02262222664037092,-0.11614040433815627,-0.08366437780575607,0.7126341935240582,0.11347794414364205,-0.6501150015339177,-0.16473139116611674,0.03720913143712196,0.0842894401710542
2,-0.07026686994033417,0.5816628730852521,-0.10872247268642632,0.05504586891623788,-0.2726271015978009,-0.19459366359478758,0.10109980859063533,0.06473817871065024,-0.7178271461811057
3,-0.14877983393719563,-0.02048081858114076,0.05824630919418852,0.09144406801519048,0.5887213556498383,0.20274174332503742,0.02083970512121769,0.7293127685145597,-0.21368666374246478
4,0.1853459467829001,0.29571291973970715,0.08803527150265372,-0.10462339831565992,-0.46983376055560927,-0.16209588463327979,0.021235374862029227,0.6168881586437944,0.48112753487320986
