,AGEP,DEAR,DENSITY,DEYE,DPHY,DREM,DVET,EDU,HISP,HOUSING_TYPE,INDP_CAT,MSP,NOC,NPF,OWN_RENT,PINCP,PINCP_DECILE,POVPIP,PUMA,RAC1P,SEX
0,-0.33934152042387034,0.06287745196774841,-0.04070215647022507,0.02742207406033761,-0.2784899237114878,-0.2967813601921168,-0.04079650860684784,-0.37126402721280644,0.08819067454520517,-0.060827435401176494,-0.24120311969235164,-0.22697220619407002,0.2880600313988043,0.25246689448563336,0.07046267039618531,0.3993530462598178,-0.34342946020886767,-0.13885344819668222,-0.01793015598182478,0.05824889654258711,-0.008403602658141118
1,0.14791032114051836,-0.24486617130766533,-0.009894214840788292,-0.18002016446754093,-0.35152963405229626,-0.33532947130129587,0.025797800593953344,-0.11986101411118483,-0.10949439924254209,0.4287266137675172,-0.20433436781730965,-0.03690715253547721,-0.3107488741356683,-0.31298364975738074,-0.3378346880777342,0.060570061510300754,-0.04987099120647426,0.27907151533457086,-0.010405109713586087,-0.05362418362593475,-0.004486174901947873
2,-0.05590135280524283,0.06986004000177176,0.688751251444437,0.022674107227137925,-0.07441447824897593,-0.07766310976576807,-0.030684595707645253,0.04191057652058414,0.08864070624510156,-0.004228781565461902,0.03419438627583803,0.008633163550624276,-0.011765616845556595,-0.05835033887553292,0.05542570502050531,0.028166686109478912,0.0168689610356727,0.0650780956680922,0.6838508518430167,0.11819008585639765,0.012926173247505236
3,0.17365704642026547,-0.28489944633217146,0.0166414023957578,-0.2871580384818457,-0.22642149142412288,-0.17880136220737775,0.09104999903669636,-0.05212173794272501,0.0041197873253845455,-0.26232386053223455,-0.06043583702487643,0.16583632296530573,-0.15565471594799685,-0.2510801092975384,0.5170683172037368,-0.10738304930053255,-0.025427767928134927,-0.4887879500966127,-0.015091162936663991,-0.020633632372137,0.07305073147878786
4,-0.15813488397164213,0.12945119106339112,-0.034313979603345826,-0.03740110258087819,0.16283807439842873,0.14542013220542305,-0.34029851195127364,-0.14279632923970956,0.31543205124188545,0.34268571841091633,-0.025302734975772963,0.4390328464630162,-0.10190317058970838,-0.1692996920482779,-0.02764377640265956,-0.08022121225139989,-0.3319155888425554,-0.1590286774570589,-0.05070845856713893,0.30173095446841824,0.29353726561719634
