,AGEP,DEYE,DVET,HOUSING_TYPE,MSP,OWN_RENT,RAC1P,SEX
0,0.4025449275109338,-0.2405795638288657,0.026854821420543046,0.6029498198402208,0.2709386961411112,-0.5707516193430078,-0.117232009111228,0.053859596310023405
1,-0.5242443349203935,0.3280157877077021,-0.2480154008293355,0.35464617685833755,-0.22822274968566575,-0.36399482809215433,0.47750932906645505,-0.13302237711069162
2,0.03675391347034583,0.08422650268927746,0.6886003477228682,-0.011405755247356618,-0.1928315803619977,-0.13715984408871496,-0.037013455917186994,-0.6781501889834223
3,-0.04317852002652288,-0.1773546217188162,0.10094186302733191,0.058069823421455245,0.6918149769417952,0.2990083787575435,0.5832789207533983,-0.21187571162412105
4,-0.08228848862019991,-0.8314950581456471,0.02452362390667759,-0.00754344696283521,-0.462736152683136,0.008665838568553796,0.293288731640212,0.031114905321461883
