,EDU,HISP,INDP_CAT,MSP,OWN_RENT,PINCP_DECILE,PUMA,RAC1P,SEX
0,-0.575786843933053,0.06559621868644572,-0.5141938332553485,-0.2728696795873831,-0.02267174161756909,-0.5612568911504164,0.020403976696721827,0.08960660596565143,0.036667620896030234
1,0.01703030164170095,0.6184436714821476,0.11852298117427701,0.18150826369064135,0.20248105242787307,-0.06517823296749203,-0.40032058149222793,0.6014969265729581,0.05424525681745195
2,-0.018228842236507864,-0.06572759874428769,0.10657145973912943,0.4628252646670213,-0.5015049458213767,-0.2702253107525683,-0.13488876154468776,-0.10102759843425663,0.6456410825976938
3,-0.041545682585691635,0.11622791106426128,-0.03607345999869172,0.18129651282594134,-0.7187839530939918,0.010864233334593604,0.008139862360934873,0.14065669961475277,-0.6434099327581592
4,-0.06316752979119282,0.43095669291447386,0.13171436987063448,0.1538188098323885,0.028788364074239427,-0.03641624723977227,0.8685452527883887,0.04125467046069532,0.10511695190815591
