,AGEP,DEYE,DVET,HOUSING_TYPE,MSP,OWN_RENT,RAC1P,SEX
0,0.09368625905769074,-0.03596741501197398,0.016659690214673888,0.6847440298347515,0.27739047108175513,-0.6455324458595171,-0.14283995028419902,-0.0819538574273737
1,0.6810928925787817,-0.4510721439047105,0.3677736037628287,-0.20749360041099027,0.12031325758821426,0.04357433869085853,-0.37042732602600126,0.02729410238594937
2,-0.17250763946824618,0.09594641304460075,0.5603226643763474,-0.027678453624711358,-0.3980225225794091,-0.11682718980074577,-0.05579986890494338,-0.6863844906559866
3,-0.10352928426687123,-0.3503937898611905,0.18348310525757816,0.10203420670951624,0.579309813591845,0.28141536332845407,0.5600022122420045,-0.30664622207856096
4,-0.03714505765937432,-0.6146181645653297,-0.014833597886129313,0.07348361466987688,-0.5532824052751775,-0.25707691023879864,0.4318189661164027,0.23783881509075988
