,AGEP,DVET,EDU,HOUSING_TYPE,MSP,OWN_RENT,PINCP_DECILE,RAC1P,SEX
0,-0.4998057299410396,-0.07106053098906406,-0.5692835980526699,0.1556748110145028,-0.14672118901377001,-0.0909912861665674,-0.5888061433512742,0.13447921545416447,0.04735310080905505
1,0.07761816699081833,-0.022302352714999467,0.12350856052983236,0.673563447093182,0.39923164658325777,-0.6004735578258822,-0.011662828755799097,-0.02389301033505036,0.06224664354845707
2,-0.051028141451960655,0.6186303444425223,-0.0794209362763808,0.07529543235000027,-0.14724358821647135,-0.14155313037776557,0.08853405886325111,0.10438112852223135,-0.7363856842050317
3,-0.20801078825285302,-0.19255590427151364,0.17537913507554242,0.022752657068108265,0.3412021914287824,0.2187107835201049,0.09607763615491273,0.8330627760491192,-0.14456959571618216
4,0.16583733737204745,0.68698151519979,0.02963344401221729,0.0047653812668928056,-0.0675659363697878,0.014247860690336091,-0.11078546960819907,0.3360544135756799,0.6080126470664288
