,AGEP,DEAR,DENSITY,DEYE,DPHY,DREM,DVET,EDU,HISP,HOUSING_TYPE,INDP_CAT,MSP,NOC,NPF,OWN_RENT,PINCP,PINCP_DECILE,POVPIP,PUMA,RAC1P,SEX
0,-0.3393411270059785,0.06287738501419679,-0.040700643393646055,0.027422262835419146,-0.2784899651882309,-0.2967813461519011,-0.0407964660870353,-0.37126487174632017,0.08819057702348171,-0.060827499975121616,-0.24120341547574942,-0.2269716302367783,0.28806062236074625,0.2524670472017569,0.07046284958433088,0.399352786309653,-0.34342909945442324,-0.13885291396163418,-0.01793158640022712,0.058248811380081846,-0.00840345556748329
1,0.14790135644001023,-0.2448715851346647,-0.009882884454301107,-0.18001734557895427,-0.3515296355702407,-0.33532876587057264,0.025786212628212662,-0.1198605046223161,-0.10949247990305919,0.4287266891701413,-0.20433958210975522,-0.03690004256663063,-0.3106675758923451,-0.31306254212391366,-0.3378554899039908,0.06059638688476085,-0.04981988656102331,0.27905381828013254,-0.010421010292579405,-0.053622091305885425,-0.004478415876548981
2,-0.05617441417196085,0.06970181844372499,0.6886599620229906,0.022755804069521404,-0.07450949514088392,-0.07776579228735732,-0.030827422530584694,0.042538638281434685,0.08866028101205875,-0.004358395292758913,0.03389950553310606,0.00883914733968076,-0.011256287239080785,-0.05883314703768634,0.05526645038648548,0.028344334790718892,0.01700875203934843,0.0650167239046379,0.6838418181850867,0.11823720968650808,0.012952126112818428
3,0.17351075386783368,-0.2850648552573675,0.016985159147191967,-0.28702247787457946,-0.22653659176474158,-0.1789160805673533,0.09097499473747157,-0.05156436353219262,0.004104031029205691,-0.2624976900163187,-0.060731071675353215,0.16615031232133826,-0.1554280091424443,-0.25113068126241544,0.5170447689256225,-0.10738453516063858,-0.025627865894414376,-0.4885982746877361,-0.015529003218819388,-0.02064777800195857,0.07305268743247688
4,-0.15831587236999195,0.12924959061344188,-0.03371344288502151,-0.03723673661916233,0.16271983429193915,0.1452829956235249,-0.3404390167815411,-0.14204667953658406,0.3154236905225085,0.342693515888317,-0.02556263399504089,0.43919576773223995,-0.10197280095739114,-0.16902877578047099,-0.027434701971865892,-0.08023921186047464,-0.3322634472344526,-0.15877458259057003,-0.051397735955832496,0.30161979769963276,0.2935719506825803
