,AGEP,DEYE,HISP,MSP,NOC,NPF,OWN_RENT,PINCP_DECILE,POVPIP,PUMA,RAC1P,SEX
0,-0.3793920659430123,0.05555013259684716,0.10346063208355756,-0.33152598174997644,0.5077179706325327,0.4786017209737776,0.19328919095959832,-0.34886607997624686,-0.24695715432248544,0.08085406385186701,0.13473883570214573,0.027876449212039495
1,0.06928418939533255,-0.16492332190136846,0.23855175616384156,0.36276954322711347,-0.11361245616284173,-0.23523888825842398,0.5727092974150886,-0.06873881872846486,-0.5635153330188849,-0.05259663918370988,0.21124918402083645,0.11654644177421702
2,-0.4450773923875155,0.19625255361545946,0.32553004052129886,0.2931716956563712,-0.16973395704773436,-0.1718488397910113,-0.2544533858809648,-0.36493254689066357,0.2771655706994946,-0.19202123017181988,0.4441323420093943,-0.06527807176604397
3,0.17710503691009605,0.04116021645175277,0.6121680156752636,-0.09869138110858933,-0.01547922203256908,0.08601373655207684,-0.01058016411523104,0.31312495573207794,0.10106130990737232,0.6040627269828894,0.21831909546722805,-0.23213020798826572
4,0.0890773578819082,-0.5526733208319304,0.15216175196415188,-0.07727457619430121,-0.09556726832954257,-0.00723757549986323,-0.3040656197518805,-0.3124284385579497,0.037719099148845324,0.24391226221251738,-0.02277942464161352,0.6299246986516746
