,EDU,HISP,INDP_CAT,MSP,OWN_RENT,PINCP_DECILE,PUMA,RAC1P,SEX
0,-0.5661256654249889,0.1550997920394952,-0.48974627551270145,-0.30435521113345476,0.04948152447213379,-0.5534536170037256,-0.043899327019964005,0.10682166712636433,0.029409685729566898
1,-0.0034601267865828856,0.6176667604119597,0.2068945394053926,0.2600836941654893,0.33893200713047533,-0.020471515636092952,0.21019913550127647,0.5896488174217626,0.029385869665179656
2,-0.01855610931064491,0.12612634670485642,-0.10267619157272434,-0.21350482906193546,-0.29024814866885007,0.22623656138595882,0.040804082253665296,0.20127577296702903,-0.8660353478351887
3,-0.05000731534029508,0.051328234679273374,0.08272803769322849,0.18707511355718823,0.03145250360184235,-0.003924210086918567,-0.9599163500806983,0.1616928981949911,-0.06659581456505288
4,0.08749415590913955,0.10041662662183869,0.0039022339364790243,-0.007443873101257371,-0.8449588410538779,-0.04769712797520581,0.00729889127872911,0.3602809085133141,0.3689235275201665
