,AGEP,HISP,MSP,NOC,NPF,OWN_RENT,PINCP_DECILE,POVPIP,PUMA,RAC1P,SEX
0,-0.3771297048318147,0.10413523716016948,-0.33147797089484216,0.5079493510979781,0.4785791057231916,0.1955413097646242,-0.3508381593954962,-0.25103327879987986,0.0809802090185351,0.13530945076501055,0.028158879848405906
1,0.05217897352424543,0.2480768158274547,0.38321958823988383,-0.12304575686134085,-0.24863022882194097,0.57843542254192,-0.06139564421859395,-0.5542800656460343,-0.05828465728733247,0.22155712006781467,0.11769763512410286
2,-0.43936346916088903,0.31840414482310775,0.2641064334945742,-0.1666864120736707,-0.15586776602492647,-0.30641221380058703,-0.39987663378438254,0.29831913007042776,-0.19432893443510943,0.44505361627842305,-0.07160088936239078
3,0.17623700639529252,0.6169614406085184,-0.1017180233639442,-0.018077411561726597,0.08682112931289179,-0.02441199542756131,0.3000068800516099,0.10596731672846814,0.6035702499803859,0.22463869077169735,-0.23129873958018946
4,0.046704946659411224,0.1264815427285099,-0.00044495873169448155,-0.09334062214149384,-0.049240919725064836,-0.19457502251122027,-0.23857217577582818,0.007353049551728919,0.3555128272420059,-0.15737767160476465,0.8512910417539036
