,AGEP,DEYE,HISP,MSP,NOC,NPF,OWN_RENT,PINCP_DECILE,POVPIP,PUMA,RAC1P,SEX
0,-0.46284916063028947,0.07315148085400769,0.17102328910782294,-0.2350590851361496,0.4844404883453541,0.4494457683752338,0.15138723674413612,-0.400956311882165,-0.2517830358556852,-0.012839000052200265,0.10944910014099243,0.0033149503493582685
1,0.04494434893080335,-0.15253190350777107,0.1776709553807085,0.39800261212175353,-0.1322540314967353,-0.2746654115882649,0.5667211718828421,-0.10050879647976395,-0.5603120014666064,0.002515902671265606,0.1366157644058074,0.16707518795960694
2,-0.1116337431421608,0.14057025060753844,0.5481060903060126,0.17019105035438742,-0.08535062182635615,-0.0764547889523419,-0.16779926937614384,0.06095908271294577,0.2177872364718881,0.314800415855549,0.6344714360772821,-0.2104884291969743
3,-0.028794325335344526,-0.3029446971176386,0.07487542606291506,-0.01447337500057734,-0.1200310929357484,-0.08447836649433074,-0.36376801930877306,-0.3909720158971677,0.12195901207308002,-0.027279736815275672,0.1363579933249277,0.7487573408863502
4,0.08955974344878437,-0.4485627897791363,0.1699684001931277,-0.027759892226598554,-0.0045142395185687745,0.06353431720790353,-0.14502420475340394,0.036375508345915214,-0.05541007514551254,-0.7636142816673507,0.23839199976213432,-0.3028046049194966
