,AGEP,DEYE,DVET,EDU,HOUSING_TYPE,MSP,OWN_RENT,PINCP_DECILE,RAC1P,SEX
0,-0.5251615970832844,0.0652534681609157,-0.11259059023351817,-0.5549528123126455,-0.05893922391740494,-0.241571578874766,0.12599373017480076,-0.5520087567508639,0.12658595063201186,0.029244942000674845
1,0.02811765841716486,-0.18658641777119306,-0.11718581844773227,-0.09819642367100785,0.7053995999603062,0.1106330077862456,-0.6234402039734322,-0.18005310148012726,0.030951825962069003,0.09558646071481332
2,-0.08134938043213262,0.16780383264888357,0.5529867249917659,-0.09293384395818194,0.0783376158547283,-0.2547859894878419,-0.23597543652255346,0.1091570441801613,0.08570655941928888,-0.7104893883239488
3,-0.15479221705588833,0.31322492730136414,-0.11734411123309206,0.09253546874419258,0.09949165121325268,0.5617909540969768,0.11943281341259114,0.038713914057829285,0.701006204970613,-0.1513827361499018
4,-0.005050879427425688,-0.856016711068845,0.26595651342237037,-0.08439859638473024,0.016422403453307102,0.22538144922975556,0.2840210781056718,-0.06826570574970192,0.1779470192276135,-0.14592489455366214
