,AGEP,DEYE,DVET,HOUSING_TYPE,MSP,OWN_RENT,RAC1P,SEX
0,0.09368625905769035,-0.035967415011974424,0.01665969021467275,0.6847440298347526,0.2773904710817552,-0.6455324458595173,-0.14283995028419869,-0.08195385742737274
1,0.6810928925787809,-0.45107214390471073,0.36777360376282736,-0.20749360041098977,0.1203132575882162,0.04357433869085886,-0.3704273260260046,0.027294102385950564
2,-0.17250763946824363,0.09594641304461123,0.5603226643763465,-0.027678453624712475,-0.39802252257942156,-0.11682718980075206,-0.0557998689049609,-0.6863844906559781
3,-0.10352928426687336,-0.3503937898611892,0.1834831052575936,0.10203420670951532,0.5793098135918332,0.28141536332844963,0.5600022122420063,-0.30664622207857783
4,-0.03714505765937296,-0.6146181645653264,-0.014833597886122374,0.07348361466987588,-0.5532824052751802,-0.2570769102388001,0.4318189661164023,0.23783881509076266
