,AGEP,DEYE,DVET,EDU,HOUSING_TYPE,MSP,OWN_RENT,PINCP_DECILE,RAC1P,SEX
0,-0.5003671965995968,0.03900010057801062,-0.0914725574188656,-0.5717285720585461,0.028571268082507692,-0.23289866092055636,0.06753307375165155,-0.5718403334470058,0.1614235115996021,0.01389730658822736
1,-0.036751302203525564,-0.00945697485413045,-0.020757550366641897,-0.009303160616241361,0.7107583250013612,0.2344716621141076,-0.6402728025062313,-0.11921538103751822,-0.09207325951810844,-0.07245047965053833
2,0.09901175711451618,-0.2779127426599029,0.6235894739239618,-0.16046422730358334,-0.06821032417491496,-0.3925356471229581,-0.14847233213294198,0.01223492147309685,-0.2460947331152757,-0.5068089898784698
3,-0.11347758108070995,-0.3436023315316614,0.228752696413912,0.017965216400232187,0.0969159508768009,0.5511477770143625,0.27656242994914326,-0.018082836577396705,0.5527299875731507,-0.347748403013203
4,0.23737997636266536,-0.7955381192427633,-0.04165471474755812,-0.09690685272827199,0.0031132641869986988,-0.01753955305035293,-0.018473106588032376,-0.1634021113763081,-0.08018248525366745,0.515611994955064
