,AGEP,DEAR,DENSITY,DEYE,DPHY,DREM,DVET,EDU,HISP,HOUSING_TYPE,INDP_CAT,MSP,NOC,NPF,OWN_RENT,PINCP,PINCP_DECILE,POVPIP,PUMA,RAC1P,SEX
0,-0.30435703284203464,0.03469518265104572,-0.02271361206337065,0.019934483728067505,-0.3051726403087013,-0.31343275709755347,-0.024171892812034565,-0.3715995467985104,0.033162069112527746,-0.07935239050696177,-0.2588335497003675,-0.2539750201643479,0.2938643563712822,0.24417447845921028,0.04645245608649153,0.42027045392288853,-0.32328643728172723,-0.058966176576182014,0.018942304620791838,0.05621366386801515,-0.006459985274117829
1,-0.04801536251646011,-0.08142931758208583,0.03330032352611691,-0.09953319060458657,-0.18934540715856416,-0.19967623265942025,0.00336381672731656,-0.1670119298124379,0.020116410468710683,0.5429767199088759,-0.1262683596221391,0.20185930303470379,-0.30923827095425716,-0.3194383783367557,-0.4048832116521125,0.021165527769536372,-0.21380924723539943,0.3310001576223987,-0.07345500567955743,0.0079793207431376,0.04147036257884514
2,0.3569082508763853,-0.39654072172267507,0.0006014768797531021,-0.2967036233295879,-0.2930357324253883,-0.24996923791625839,0.14697041195628713,-0.07746153540066517,-0.08905321294010146,-0.19433585835194653,-0.22234824134284026,0.006266866228348669,-0.22298643145226868,-0.26147960121523156,0.2849356667893294,-0.06473388231333908,0.006469591200841243,-0.33985490548631064,0.09444714278061166,-0.16693267331709855,0.02012847134898505
3,-0.18130563552555432,0.1583892232694319,0.3520252081309614,0.09012464638897709,0.031991622973206825,0.011674261912089347,-0.13896617790572457,-0.08305346317768057,0.3145571740443468,0.017719439429779698,0.05979784945023104,0.3464049597310169,-0.0909631992959668,-0.23104643751594706,0.36390852622928455,-0.0222686633114585,-0.20191810117639658,-0.33602430719555004,-0.3136693337796497,0.2959570950141145,0.15984662385146117
4,0.09792843984266965,-0.33409963657094366,0.37035719689666025,-0.22698927967667054,0.08878469975612117,0.11346856775772317,0.30923484943809926,0.06590013643550412,0.203771479978925,0.018154894156734002,-0.13790792030569157,-0.24487631274167165,0.08779332016765307,0.1268869597852353,-0.04908429702087086,0.05050663332746956,0.09831849704685933,0.17816714509382026,-0.408870740192179,0.318812192302754,-0.3309711143753914
