,AGEP,HISP,MSP,NOC,NPF,OWN_RENT,PINCP_DECILE,POVPIP,PUMA,RAC1P,SEX
0,-0.462067316557587,0.172294380356539,-0.23524154992406793,0.4852564301774991,0.4497517383679847,0.15256761391536078,-0.40389750820632775,-0.25521431409626033,-0.013253438783225494,0.10945176274988126,0.004434341342924357
1,0.04022263831139125,0.17952821707467395,0.41344433077752085,-0.1396933601193831,-0.28381007263920477,0.5779938689345115,-0.08425944050002063,-0.5547096160240294,0.009575165190558585,0.14606512945054773,0.15762969903433083
2,-0.10705523648905037,0.5597321764429587,0.14670291473082275,-0.08323796522869076,-0.06712917640353447,-0.2124491182465446,0.03465886196805462,0.23380931579635397,0.3108301723292706,0.6413793303764168,-0.18247447616035217
3,-0.04743752371493507,0.0019671738776269165,0.026973041675099927,-0.1359423020290842,-0.11168192354357259,-0.3102532295671186,-0.39804866617398177,0.10449213536054665,-0.028986063252174028,0.0862587314799635,0.8319651020294382
4,0.038499970162295304,0.10322755847068753,0.07154933010310476,-0.056336227181842544,0.014544651477985806,-0.1538358229826727,-0.021778709689949265,-0.04212116724928673,-0.9284815800060375,0.27253681804360796,-0.13072441429579873
