,EDU,HISP,INDP_CAT,MSP,OWN_RENT,PINCP_DECILE,PUMA,RAC1P,SEX
0,-0.5661256654249884,0.1550997920394953,-0.4897462755127018,-0.3043552111334551,0.04948152447213355,-0.5534536170037255,-0.04389932701996406,0.10682166712636466,0.02940968572956673
1,-0.0034601267865821852,0.6176667604119578,0.2068945394053922,0.26008369416549115,0.3389320071304743,-0.020471515636095117,0.21019913550128028,0.5896488174217623,0.02938586966518716
2,-0.01855610931064563,0.12612634670486028,-0.10267619157272144,-0.2135048290619348,-0.29024814866883736,0.2262365613859597,0.04080408225366101,0.2012757729670296,-0.8660353478351925
3,-0.05000731534029343,0.051328234679278543,0.08272803769322917,0.18707511355719145,0.03145250360182937,-0.003924210086920635,-0.9599163500806974,0.1616928981949973,-0.06659581456504146
4,0.08749415590914059,0.10041662662183629,0.003902233936475631,-0.007443873101264289,-0.844958841053882,-0.04769712797520291,0.007298891278745927,0.36028090851331174,0.36892352752015733
