,AGEP,DEYE,DVET,EDU,HOUSING_TYPE,MSP,OWN_RENT,PINCP_DECILE,RAC1P,SEX
0,-0.5003671965995968,0.03900010057801162,-0.09147255741886554,-0.5717285720585459,0.02857126808250525,-0.2328986609205573,0.06753307375165354,-0.5718403334470054,0.16142351159960291,0.01389730658822768
1,-0.03675130220352714,-0.00945697485413164,-0.02075755036664399,-0.009303160616242681,0.7107583250013615,0.23447166211410686,-0.6402728025062312,-0.11921538103752032,-0.09207325951810597,-0.07245047965053629
2,0.09901175711451282,-0.27791274265990557,0.623589473923966,-0.1604642273035822,-0.06821032417491171,-0.3925356471229472,-0.14847233213293876,0.012234921473096488,-0.24609473311526447,-0.5068089898784802
3,-0.11347758108071065,-0.3436023315316636,0.22875269641390045,0.017965216400234713,0.09691595087680153,0.5511477770143713,0.2765624299491473,-0.018082836577399286,0.5527299875731516,-0.34774840301318655
4,0.2373799763626671,-0.7955381192427606,-0.04165471474755626,-0.0969068527282726,0.0031132641869961175,-0.01753955305036413,-0.01847310658803665,-0.1634021113763071,-0.08018248525367104,0.5156119949550667
