,feature,divergence
0,SEX,0.016310929847383804
1,OWN_RENT,0.015562583940984073
2,DPHY,0.010629326554347472
3,DEYE,0.0011548782613689385
4,DEAR,0.0006308014418549487
