,EDU,HISP,INDP_CAT,MSP,OWN_RENT,PINCP_DECILE,PUMA,RAC1P,SEX
0,-0.5711275826037824,0.09765649436928081,-0.5004442530985019,-0.2982862216892417,0.0043628256245022284,-0.5535746002048507,0.057163613945356746,0.12286875986066856,0.0053934997282120666
1,-0.025747737539155238,0.5862344447408921,0.2035536556854693,0.20483595690526338,0.49800452564232084,-0.033267289279769297,0.03571805441058043,0.5505229960803351,0.13714153676526714
2,-0.027387643779077625,0.28795314487401436,0.1022279007821687,-0.23418829899428384,-0.02830656363992567,0.14753638134549474,0.8607935323039909,-0.23521682401784422,-0.1793808666446421
3,-0.01128999682738009,0.12662160088743338,-0.0900706376103533,0.08884907473648877,-0.151363727070001,0.09636782792189885,-0.15395168477611781,0.24738566200910528,-0.9223524842354364
4,0.04110511941977864,0.34044241752763693,-0.014689687027023057,0.3471448576965261,-0.8096861230088338,-0.11316330943767186,0.07429342428192906,0.1773301091845792,0.23732036883592397
