,AGEP,DEAR,DENSITY,DEYE,DPHY,DREM,DVET,EDU,HISP,HOUSING_TYPE,INDP_CAT,MSP,NOC,NPF,OWN_RENT,PINCP,PINCP_DECILE,POVPIP,PUMA,RAC1P,SEX
0,-0.33934114964642925,0.06287738511790579,-0.04070166794307158,0.02742218891683651,-0.2784898534117514,-0.2967812268374902,-0.04079656093429093,-0.37126532729793116,0.08819053664526862,-0.060827698983245936,-0.24120301780489575,-0.22697189475777768,0.2880607791183854,0.2524664173421233,0.07046241782009244,0.3993530113658562,-0.34342875174895077,-0.1388533232633695,-0.017930533774609392,0.05824897512806414,-0.008403436287509105
1,0.1479325449290115,-0.2448712389359583,-0.009793400367026684,-0.18000800852812393,-0.35152928528590394,-0.33532799925834555,0.0257925806848554,-0.1199043395529106,-0.10950116718777764,0.4287191490978056,-0.20432131551362698,-0.03690036653943816,-0.3107548437266882,-0.3129650794804105,-0.33784298338180563,0.06056291695214945,-0.049870221975935464,0.2790724668038491,-0.010493452743344794,-0.05362458371417954,-0.004486464331956447
2,-0.056385480468684905,0.06966517902217946,0.68845619574573,0.022741491389181325,-0.07453849234850073,-0.07781526195377961,-0.03081044397490927,0.042974986653147536,0.08870705378425094,-0.004254597555042271,0.0336947929965833,0.008884492130804614,-0.011275580770707885,-0.05877174948057162,0.055417254793208255,0.02836760466364379,0.016975190854817676,0.06509014943961718,0.6839952848245753,0.11819467008736544,0.012969801685753148
3,0.17331776012023548,-0.28504321756839046,0.016590269730369193,-0.28706878220034804,-0.22653065073745737,-0.17893647984911218,0.0909237765980728,-0.05128508577871022,0.004156868949608934,-0.26236935874261735,-0.06080415257004266,0.16603540647582674,-0.155479735734398,-0.2512124633849591,0.5170065400290378,-0.10728665723744715,-0.025474024798636412,-0.4888236570913291,-0.015153723326049442,-0.020606995219905746,0.07305083867365969
4,-0.15819255558610484,0.12927747884524424,-0.03428945526466984,-0.03727482703319501,0.16277349939648816,0.14535600968634427,-0.34046448831695236,-0.14232154100676905,0.3154247941608229,0.34267231579892193,-0.02536512963643908,0.4390451622818714,-0.10198315416829734,-0.1691281599342333,-0.0274114702449924,-0.0802575982391176,-0.332295046967354,-0.1587223626852559,-0.05081419701971845,0.301684895773227,0.2935554856153153
