,feature,divergence
0,AGEP,9.573953707243906
6,EDU,1.1798561978882751
7,PINCP_DECILE,1.0787083082413673
2,MSP,0.4834423394581039
3,RAC1P,0.176481319360293
5,OWN_RENT,0.10367680520698588
4,HOUSING_TYPE,0.024972375690607736
9,DEYE,0.024519549370444003
8,DVET,0.01945268710847346
1,SEX,0.0016563335540795698
