,AGEP,DEAR,DENSITY,DEYE,DPHY,DREM,DVET,EDU,HISP,HOUSING_TYPE,INDP_CAT,MSP,NOC,NPF,OWN_RENT,PINCP,PINCP_DECILE,POVPIP,PUMA,RAC1P,SEX
0,-0.3043589312153623,0.03469373155004164,-0.022714735002703754,0.01993412018965854,-0.3051720013689894,-0.3134323887501981,-0.02417305481690273,-0.3715975506476542,0.03316213445390727,-0.07935087959452426,-0.25883153600261244,-0.2539785490661457,0.2938603283080899,0.24417466491120107,0.04645553041604231,0.4202718918362517,-0.32328826244157816,-0.058965561835828434,0.018942900118296305,0.05621439264038747,-0.006460927338168162
1,-0.0479417854725011,-0.08136845666674163,0.03335224932574939,-0.09951718479043928,-0.18937303255600327,-0.19969405476509358,0.0034163588230137387,-0.16706745608009513,0.020113282315692566,0.5429596394181943,-0.12638803812145835,0.20200527178340255,-0.3090384517852375,-0.31945365000192316,-0.4049619407505125,0.021098028268999706,-0.21372185411220074,0.3309940776456509,-0.07346012562855529,0.007942157943399572,0.04151616079855614
2,0.35656790510729663,-0.39673325954104,0.0005870228073468226,-0.29675320831340807,-0.29295364280114766,-0.2499111886919654,0.14685736217859724,-0.07712211916664273,-0.08889880130725934,-0.194396240849811,-0.22240766661337513,0.006093604344068283,-0.22331132519485525,-0.26159579084725937,0.28519197335944446,-0.0644972209731703,0.006410894718725954,-0.3396694133349657,0.09458595944059954,-0.1668848434720884,0.020089110289519825
3,-0.1804724743913408,0.15937010434224633,0.35276113021544625,0.09046215767430577,0.0316347593887844,0.01139236958935505,-0.1382109045170282,-0.08341775389166627,0.314249222546562,0.01791984548518211,0.058291680187148046,0.34813163045322804,-0.08833037774397093,-0.23121282611894522,0.3629691992876765,-0.02314294315733708,-0.2009576211636615,-0.3364030085537815,-0.31380664296050303,0.29530248177284274,0.16054748685511536
4,0.1007648393540977,-0.33043850602841357,0.3754868201384486,-0.2251401696774694,0.08696790960683429,0.11207388244682073,0.3120379381033688,0.06387197056315147,0.20116109326939574,0.016647984798179943,-0.14154252571783768,-0.24001266395054557,0.09460421295139082,0.12656853496452264,-0.05278285473524005,0.048288319253189646,0.10190798059830458,0.17792033429704357,-0.41200421028226947,0.3153094990505755,-0.32821949454641663
