,AGEP,DEYE,DVET,HOUSING_TYPE,MSP,OWN_RENT,RAC1P,SEX
0,0.09368625905769172,-0.035967415011974424,0.01665969021467431,0.6847440298347518,0.27739047108175635,-0.6455324458595167,-0.1428399502841993,-0.08195385742737238
1,0.6810928925787787,-0.4510721439047152,0.36777360376282753,-0.20749360041099085,0.12031325758821643,0.04357433869086086,-0.3704273260260027,0.02729410238594948
2,-0.1725076394682473,0.0959464130445916,0.5603226643763517,-0.027678453624708714,-0.39802252257940296,-0.11682718980074352,-0.05579986890493382,-0.6863844906559908
3,-0.10352928426687104,-0.35039378986119024,0.18348310525756914,0.10203420670951703,0.5793098135918506,0.2814153633284562,0.560002212242006,-0.306646222078551
4,-0.03714505765937367,-0.6146181645653307,-0.01483359788613317,0.0734836146698769,-0.5532824052751754,-0.25707691023879864,0.43181896611640347,0.23783881509076168
