,AGEP,DEAR,DENSITY,DEYE,DPHY,DREM,DVET,EDU,HISP,HOUSING_TYPE,INDP_CAT,MSP,NOC,NPF,OWN_RENT,PINCP,PINCP_DECILE,POVPIP,PUMA,RAC1P,SEX
0,-0.2877691119751592,0.031249317514252004,-0.04877555688424208,0.009460797700485232,-0.29246527970256053,-0.30627317417776007,-0.027543419335473867,-0.36656366404173735,0.04278549063249865,-0.09323638698887567,-0.2437411878990731,-0.26795182278099483,0.29832072919871927,0.2706248186290986,0.07654826733552503,0.4040463881934951,-0.32007672395996656,-0.13116190073926298,0.04670890091098223,0.0660649347749418,0.0007144239092389424
1,-0.057377916509702226,-0.07213668139794502,-0.03608268315176572,-0.04957030898277193,-0.20179905966148304,-0.2054929342475962,0.003017035579448951,-0.13904287149900715,-0.06820754985786977,0.5402712709190528,-0.20117896059798238,0.074550220245323,-0.27653388392896383,-0.2464599594791626,-0.4680905395202983,0.0654174926426491,-0.1605127997606133,0.3802936373334351,-0.06101889406373662,-0.06303208856700353,-0.06473779749849287
2,0.24305976198706336,-0.19324746821906066,-0.4798482796331261,-0.0661983333604333,-0.008722184942001207,0.009730363802098546,0.17317909947070229,0.0974092120356373,-0.3280814310518767,-0.14362681828662788,-0.05792115704898733,-0.36449939231460315,0.12647549019232301,0.20429291435781863,-0.2508948763534554,0.016971174560216323,0.21304370892184277,0.13640901510211456,0.23647546543204814,-0.3421144883196124,-0.08296864216203714
3,0.2889895521743991,-0.4345691151878164,0.009207264181565722,-0.4194853743213789,-0.30987696970796746,-0.26026705803036193,0.1510252700121172,-0.08750408329832086,-0.00865204109299507,-0.1595096575419629,-0.14244506842630555,0.12094156377282325,-0.22031732569506796,-0.2601666242011326,0.2470396133010576,-0.10848835312274369,-0.021408093501839615,-0.32611965153756534,-0.008425456015079578,-0.031648511611852115,0.002899548554674248
4,-0.01675719621253831,-0.17562766828770887,-0.29656178894330154,-0.18769094475899487,0.43736569283340726,0.4418735465226604,-0.030183032504046924,-0.2001790700394883,0.12431242273193648,0.14687583513407787,-0.28740482646179166,0.1697515040941771,0.0291402256854974,0.028511078733911368,-0.0994785953577883,-0.04090965478547247,-0.38239397166638256,-0.25203786351186497,0.20751754924429908,0.05130821849635331,0.03247390465801666
