,AGEP,DEYE,DVET,EDU,HOUSING_TYPE,MSP,OWN_RENT,PINCP_DECILE,RAC1P,SEX
0,-0.5028447292406174,0.043012204491294836,-0.07175908242364298,-0.5679702824416623,0.1515700234131384,-0.1487313666316192,-0.08761200318303122,-0.5866974558755633,0.13573808015825986,0.046351216136845015
1,0.08304591705250101,-0.10230268734180431,-0.019075772037854908,0.11162185388090827,0.6716988815264697,0.3945644912925192,-0.5978167220009153,-0.022949751126823,-0.02800798358181057,0.06525117564494134
2,-0.1351379504584671,0.2606459383709105,0.4981950583456486,-0.006038019141967194,0.09158676751919347,-0.06551219753832631,-0.11924577457640989,0.13773881465730428,0.2536920988164847,-0.7452083295905195
3,0.2222368078403045,-0.6550436193785737,0.44402949102178174,-0.21438907305983712,-0.0274786469417835,-0.2593302376221276,-0.1000116119298981,-0.11685032394867656,-0.42037880580729275,-0.10010936582186858
4,0.018644768478136044,-0.4635525169019107,0.26764428870715556,0.06380068629860525,-0.0032172989541428554,0.2522850174589783,0.2368694538444449,-0.05798365639618497,0.7405275973679859,0.19380143897425553
