,AGEP,PINCP,POVPIP
0,-0.6875508359199372,0.6845580311095412,-0.2421861888490421
1,-0.15798678516853984,0.18451118834649483,0.9700493786849584
2,0.708741154257254,0.7052204785869398,-0.018709699187911807
