,EDU,HISP,INDP_CAT,MSP,OWN_RENT,PINCP_DECILE,PUMA,RAC1P,SEX
0,-0.5757868439330529,0.06559621868644594,-0.5141938332553485,-0.27286967958738373,-0.022671741617568818,-0.5612568911504161,0.020403976696721646,0.08960660596565179,0.03666762089603014
1,0.017030301641701478,0.6184436714821481,0.1185229811742764,0.181508263690638,0.20248105242787534,-0.06517823296748987,-0.400320581492227,0.6014969265729603,0.05424525681744765
2,-0.018228842236508294,-0.06572759874428002,0.10657145973913011,0.46282526466702084,-0.5015049458213736,-0.27022531075256834,-0.13488876154468762,-0.10102759843425575,0.6456410825976964
3,-0.041545682585689775,0.11622791106424757,-0.03607345999869654,0.18129651282593756,-0.7187839530939943,0.01086423333459434,0.008139862360905983,0.14065669961474903,-0.6434099327581608
4,-0.06316752979119462,0.43095669291448213,0.13171436987063306,0.15381880983239185,0.02878836407421701,-0.03641624723977094,0.8685452527883876,0.04125467046069577,0.1051169519081319
