,EDU,HISP,INDP_CAT,MSP,OWN_RENT,PINCP_DECILE,PUMA,RAC1P,SEX
0,-0.575786843933053,0.06559621868644627,-0.5141938332553487,-0.2728696795873836,-0.022671741617568932,-0.5612568911504164,0.020403976696721896,0.08960660596565198,0.036667620896030345
1,0.017030301641701114,0.6184436714821475,0.11852298117427656,0.18150826369064046,0.20248105242787431,-0.06517823296749048,-0.40032058149222804,0.6014969265729588,0.05424525681744798
2,-0.01822884223650742,-0.0657275987442855,0.10657145973912913,0.46282526466702045,-0.5015049458213778,-0.270225310752568,-0.13488876154468996,-0.10102759843425346,0.6456410825976937
3,-0.04154568258569006,0.11622791106424919,-0.03607345999869727,0.1812965128259367,-0.718783953093992,0.01086423333459531,0.008139862360906677,0.140656699614747,-0.6434099327581646
4,-0.06316752979119426,0.430956692914478,0.1317143698706339,0.15381880983239493,0.028788364074215287,-0.036416247239772104,0.8685452527883889,0.04125467046070053,0.10511695190813589
