,AGEP,HISP,MSP,NOC,NPF,OWN_RENT,PINCP_DECILE,POVPIP,PUMA,RAC1P,SEX
0,-0.37712970483181507,0.10413523716016915,-0.3314779708948432,0.5079493510979783,0.4785791057231924,0.19554130976462367,-0.35083815939549606,-0.25103327879987886,0.08098020901853523,0.13530945076500983,0.028158879848405732
1,0.05217897352424429,0.24807681582745292,0.3832195882398834,-0.1230457568613399,-0.24863022882194,0.5784354225419207,-0.061395644218594864,-0.5542800656460347,-0.05828465728733469,0.22155712006781408,0.11769763512410286
2,-0.43936346916089,0.318404144823104,0.26410643349457463,-0.16668641207367044,-0.15586776602492644,-0.3064122138005859,-0.3998766337843821,0.2983191300704271,-0.19432893443511093,0.44505361627842427,-0.07160088936239281
3,0.1762370063952891,0.6169614406085171,-0.10171802336394048,-0.018077411561727597,0.08682112931289027,-0.0244119954275588,0.30000688005160897,0.10596731672846689,0.6035702499803863,0.2246386907716985,-0.2312987395801971
4,0.04670494665942291,0.12648154272852044,-0.000444958731703745,-0.09334062214149266,-0.049240919725058396,-0.19457502251122094,-0.23857217577581769,0.007353049551733835,0.35551282724199135,-0.15737767160474433,0.8512910417539143
