,AGEP,HISP,MSP,NOC,NPF,OWN_RENT,PINCP_DECILE,POVPIP,PUMA,RAC1P,SEX
0,-0.4184082940980471,0.07317519200018285,-0.36073214733567177,0.540657146787755,0.5055806361880878,0.1210487548195452,-0.31234783885455575,-0.11426033918891122,0.022956190466682118,0.12398031953303534,-0.019046616995423975
1,-0.25579200990861595,0.0016666730213679704,0.009929854513859738,-0.049686405053200905,0.03200620299598343,-0.6646642095559369,-0.1788398915340465,0.6670922851266569,-0.07846254514826179,0.07740749141303527,-0.007301103883569568
2,-0.2914974127446694,0.4182481468178706,0.3957155791138631,-0.1282180386630461,-0.2779797203300366,0.13050625514202577,-0.409929210372734,-0.16876846288925648,-0.27186216017245696,0.3840814102712103,0.2341156510706402
3,0.05343975209419789,0.3857777712473683,-0.06015818723000383,0.02700858604666362,0.06677477280481862,0.09026285570298401,0.41039128426641724,0.13367331415554787,-0.26554517621050483,0.40749501736911264,-0.6391470789929361
4,-0.17424820983452968,0.2653050398509337,0.237436169056099,-0.07779795887900923,-0.03766831774394107,-0.05257212104997697,-0.10699927780712055,-0.057013507048680384,0.835423838735683,-0.03927021245115571,-0.344187572397622
