,AGEP,DVET,EDU,HOUSING_TYPE,MSP,OWN_RENT,PINCP_DECILE,RAC1P,SEX
0,-0.49827499055679253,-0.0901685169286145,-0.5734945916533555,0.02903160962723643,-0.2325087822436544,0.06773793923583363,-0.5735114526811428,0.16154876022663747,0.013807273727308084
1,-0.037311932942552604,-0.02135362524835853,-0.008350774585728915,0.7107184529249718,0.2345052908826705,-0.6404833628352137,-0.11833349837453871,-0.09220454226446924,-0.07242391602342527
2,0.05620074464745949,0.6021983789361288,-0.1332667573864028,-0.07645100128936004,-0.43845636611648353,-0.17338870786418392,0.05091525687636267,-0.28011255963147297,-0.5542840120699596
3,-0.19502712780741946,0.24378034878664304,0.051752212478796245,0.08706081099111174,0.5066767263980105,0.2583707438767123,0.04732319474625571,0.5366171296313879,-0.5278290534994632
4,0.1751938253236686,0.6229138781932899,0.004040228999037998,0.06295474341276039,-0.10892822499820874,-0.12078577963024556,-0.07099744591671214,0.485284134757864,0.557054673454583
