,AGEP,HISP,MSP,NOC,NPF,OWN_RENT,PINCP_DECILE,POVPIP,PUMA,RAC1P,SEX
0,-0.41840829409804714,0.07317519200018363,-0.36073214733567177,0.5406571467877552,0.5055806361880884,0.12104875481954544,-0.31234783885455597,-0.11426033918891085,0.02295619046668205,0.12398031953303565,-0.019046616995424516
1,-0.2557920099086161,0.0016666730213681646,0.009929854513860652,-0.04968640505320067,0.032006202995983196,-0.6646642095559363,-0.17883989153404733,0.6670922851266566,-0.07846254514826234,0.0774074914130354,-0.007301103883569483
2,-0.291497412744669,0.41824814681787076,0.3957155791138627,-0.12821803866304549,-0.27797972033003737,0.13050625514202738,-0.40992921037273405,-0.16876846288925756,-0.2718621601724562,0.3840814102712103,0.2341156510706402
3,0.053439752094197865,0.38577777124736995,-0.06015818723000384,0.027008586046662536,0.06677477280481703,0.09026285570298316,0.4103912842664155,0.13367331415554745,-0.2655451762105011,0.40749501736911165,-0.6391470789929381
4,-0.17424820983452094,0.26530503985094545,0.23743616905608989,-0.07779795887901025,-0.037668317743939486,-0.052572121049980575,-0.10699927780711904,-0.05701350704867933,0.83542383873569,-0.039270212451153585,-0.34418757239760744
