,AGEP,DEYE,DVET,EDU,HOUSING_TYPE,MSP,OWN_RENT,PINCP_DECILE,RAC1P,SEX
0,-0.5251615970832851,0.06525346816091582,-0.11259059023351785,-0.5549528123126453,-0.05893922391740599,-0.2415715788747659,0.12599373017480198,-0.5520087567508636,0.12658595063201197,0.02924494200067456
1,0.028117658417163263,-0.18658641777119345,-0.11718581844772942,-0.09819642367100964,0.7053995999603059,0.11063300778624525,-0.6234402039734319,-0.18005310148012701,0.030951825962070693,0.09558646071481201
2,-0.08134938043213143,0.16780383264887716,0.5529867249917696,-0.09293384395818209,0.07833761585472437,-0.25478598948784514,-0.23597543652255276,0.10915704418016108,0.08570655941928891,-0.7104893883239468
3,-0.1547922170558893,0.3132249273013802,-0.11734411123309416,0.09253546874419386,0.0994916512132523,0.5617909540969723,0.11943281341258523,0.03871391405783123,0.7010062049706083,-0.15138273614990383
4,-0.005050879427427995,-0.8560167110688397,0.2659565134223671,-0.08439859638472824,0.016422403453307054,0.22538144922976774,0.28402107810567623,-0.06826570574970137,0.17794701922762507,-0.14592489455366023
