,AGEP,DEYE,HISP,MSP,NOC,NPF,OWN_RENT,PINCP_DECILE,POVPIP,PUMA,RAC1P,SEX
0,-0.4202983801456892,0.1031923660850691,0.07152951759981974,-0.35742411314405015,0.5379069442938615,0.5030739749246699,0.12043262353163825,-0.3066982869766937,-0.11153736595100608,0.021651918074335193,0.12459250415714915,-0.020107113687655984
1,-0.25571058207705916,0.036454156431139306,0.00026858071664255176,0.01303773087805814,-0.05235011019985336,0.029409607641186053,-0.6636930658262267,-0.1730581628051447,0.6682567878212383,-0.07973791941448313,0.07784410669339384,-0.009224452460774392
2,-0.2914014067044804,-0.010066805504417853,0.4184420552435278,0.3947456268967714,-0.12768387961819821,-0.277332373639901,0.12942409398013932,-0.41194331560335345,-0.16856791393714068,-0.2712330904459224,0.38359996723450146,0.2350962361816897
3,0.021544014431119137,0.29807787793150325,0.32260216347571274,-0.013193977401962747,0.01378313676575324,0.042696607986201895,0.11064253899148618,0.42905377991637933,0.12695394557312709,-0.27143315653756456,0.38243294108495796,-0.6099582668774007
4,0.1721339151509332,-0.8323737083413243,0.39568430193586956,-0.193338730168776,0.015062115880600468,0.08233891471181387,-0.08082382343043276,0.010755740711871076,0.029544008315227785,0.14152956034201447,0.1754394038997979,-0.1350585192189901
