,AGEP,DVET,EDU,HOUSING_TYPE,MSP,OWN_RENT,PINCP_DECILE,RAC1P,SEX
0,-0.4982749905567934,-0.09016851692861438,-0.5734945916533554,0.029031609627237137,-0.23250878224365362,0.06773793923583313,-0.5735114526811433,0.16154876022663708,0.013807273727306973
1,-0.03731193294255223,-0.021353625248360028,-0.008350774585727909,0.7107184529249716,0.23450529088267358,-0.6404833628352126,-0.11833349837453845,-0.09220454226446843,-0.07242391602342538
2,0.05620074464746132,0.602198378936133,-0.13326675738640326,-0.07645100128935838,-0.4384563661164849,-0.1733887078641871,0.050915256876361725,-0.28011255963147463,-0.5542840120699527
3,-0.19502712780741646,0.2437803487866527,0.05175221247879572,0.08706081099111013,0.5066767263980068,0.2583707438767107,0.04732319474625607,0.536617129631391,-0.5278290534994607
4,0.17519382532367062,0.6229138781932848,0.004040228999037054,0.06295474341276083,-0.10892822499820921,-0.12078577963024675,-0.07099744591671392,0.4852841347578599,0.5570546734545918
