,feature,divergence
0,AGEP,0.2703379953379954
1,PINCP,0.1560151631882489
2,POVPIP,0.058267594587377444
