,AGEP,DEYE,DVET,EDU,HOUSING_TYPE,MSP,OWN_RENT,PINCP_DECILE,RAC1P,SEX
0,-0.502844729240617,0.043012204491294836,-0.07175908242364229,-0.5679702824416623,0.15157002341313727,-0.1487313666316197,-0.08761200318302997,-0.5866974558755628,0.13573808015825992,0.046351216136844904
1,0.08304591705250099,-0.10230268734180367,-0.019075772037855796,0.11162185388090752,0.671698881526469,0.394564491292519,-0.5978167220009154,-0.02294975112682525,-0.028007983581810655,0.06525117564494218
2,-0.135137950458411,0.2606459383707428,0.49819505834575883,-0.006038019142021095,0.09158676751918715,-0.06551219753839292,-0.11924577457643697,0.13773881465727544,0.25369209881637855,-0.7452083295905474
3,0.22223680784034017,-0.6550436193786389,0.4440294910216596,-0.2143890730598353,-0.027478646941805622,-0.2593302376221134,-0.10001161192986924,-0.11685032394871098,-0.42037880580735476,-0.10010936582167626
4,0.018644768478137178,-0.46355251690190935,0.26764428870715345,0.0638006862986063,-0.003217298954141995,0.25228501745897425,0.23686945384444238,-0.05798365639618358,0.7405275973679897,0.19380143897425595
