,AGEP,DEYE,DVET,HOUSING_TYPE,MSP,OWN_RENT,RAC1P,SEX
0,0.009414790221475946,-0.08831943979062258,-0.029237358095550704,0.6906370314833618,0.36676013572260974,-0.6139090372003232,-0.005546767620574072,0.053372616322116775
1,0.6764790391651732,-0.45557666721537327,0.23250650502939396,-0.10593886239467368,0.1579384249779824,0.052051587796217214,-0.48386310924539033,0.08812644351944962
2,-0.022358566592442137,-0.011012831742905186,0.6772542220367312,0.055990473122683695,-0.13191212218040171,-0.10906805119702924,0.1091800642422288,-0.7045237139315199
3,0.00939411261864977,-0.5683911971129673,0.15697033477407846,0.0026932546617167152,0.1670854039346541,0.18917692681237008,0.7368760023666805,0.21331800993530034
4,0.004654768395411691,-0.3382231856619076,-0.07056847217104885,0.014208352486906113,-0.8277566700621147,-0.4127559453365336,0.0020568442337902393,0.15763507673030566
