,AGEP,DEYE,DVET,HOUSING_TYPE,MSP,OWN_RENT,RAC1P,SEX
0,0.40254492751093207,-0.2405795638288668,0.02685482142054227,0.6029498198402226,0.27093869614110955,-0.5707516193430101,-0.11723200911122636,0.053859596310020574
1,-0.524244334920395,0.3280157877077051,-0.24801540082931892,0.35464617685833677,-0.22822274968566364,-0.3639948280921521,0.4775093290664587,-0.13302237711071177
2,0.03675391347035895,0.08422650268927459,0.6886003477228714,-0.01140575524736717,-0.19283158036199363,-0.1371598440887068,-0.03701345591720371,-0.6781501889834198
3,-0.04317852002651756,-0.1773546217188255,0.10094186302734083,0.05806982342145153,0.6918149769417915,0.29900837875754605,0.5832789207533973,-0.21187571162412097
4,-0.08228848862019872,-0.8314950581456413,0.024523623906684305,-0.007543446962836986,-0.462736152683145,0.008665838568549467,0.29328873164021196,0.031114905321465963
