,AGEP,DEYE,DVET,EDU,HOUSING_TYPE,MSP,OWN_RENT,PINCP_DECILE,RAC1P,SEX
0,-0.5028447292406173,0.043012204491294725,-0.07175908242364266,-0.5679702824416617,0.15157002341313924,-0.14873136663161862,-0.0876120031830318,-0.5866974558755631,0.13573808015826003,0.046351216136845313
1,0.08304591705250144,-0.10230268734180399,-0.019075772037854585,0.11162185388090877,0.6716988815264698,0.3945644912925193,-0.5978167220009155,-0.022949751126821988,-0.028007983581810787,0.06525117564494205
2,-0.13513795045846236,0.2606459383708949,0.4981950583456584,-0.006038019141973022,0.09158676751919359,-0.06551219753833235,-0.11924577457641204,0.13773881465730217,0.25369209881647237,-0.7452083295905237
3,0.22223680784030841,-0.6550436193785785,0.44402949102177036,-0.21438907305983684,-0.027478646941785728,-0.2593302376221282,-0.10001161192989717,-0.11685032394868006,-0.4203788058073006,-0.10010936582184977
4,0.0186447684781373,-0.4635525169019094,0.2676442887071608,0.06380068629860514,-0.0032172989541420158,0.252285017458976,0.23686945384444408,-0.05798365639618491,0.7405275973679859,0.19380143897425703
