,AGEP,DEYE,DVET,EDU,HOUSING_TYPE,MSP,OWN_RENT,PINCP_DECILE,RAC1P,SEX
0,-0.525161597083285,0.0652534681609156,-0.11259059023351814,-0.5549528123126444,-0.058939223917406365,-0.2415715788747656,0.12599373017480203,-0.5520087567508631,0.1265859506320118,0.02924494200067454
1,0.028117658417163467,-0.18658641777119236,-0.1171858184477331,-0.09819642367100855,0.7053995999603054,0.11063300778624503,-0.6234402039734314,-0.18005310148012782,0.03095182596207046,0.09558646071481465
2,-0.08134938043213326,0.16780383264888138,0.5529867249917653,-0.0929338439581821,0.07833761585472807,-0.25478598948783976,-0.23597543652255484,0.10915704418016102,0.08570655941929187,-0.7104893883239503
3,-0.1547922170558895,0.3132249273013578,-0.11734411123309119,0.09253546874419241,0.09949165121325244,0.5617909540969818,0.11943281341259467,0.038713914057828785,0.7010062049706115,-0.1513827361499024
4,-0.005050879427422742,-0.8560167110688475,0.2659565134223712,-0.08439859638473135,0.016422403453306714,0.22538144922975079,0.28402107810567173,-0.0682657057497027,0.17794701922761005,-0.1459248945536577
