,AGEP,HISP,MSP,NOC,NPF,OWN_RENT,PINCP_DECILE,POVPIP,PUMA,RAC1P,SEX
0,-0.4620673165575866,0.17229438035653877,-0.23524154992406768,0.48525643017749887,0.44975173836798465,0.1525676139153609,-0.4038975082063281,-0.25521431409626066,-0.013253438783225165,0.10945176274988143,0.004434341342924392
1,0.04022263831139145,0.1795282170746726,0.4134443307775195,-0.13969336011938333,-0.2838100726392048,0.5779938689345118,-0.08425944050002057,-0.5547096160240294,0.009575165190556336,0.1460651294505455,0.15762969903433086
2,-0.10705523648905181,0.5597321764429583,0.14670291473082686,-0.08323796522869098,-0.06712917640353741,-0.21244911824654458,0.03465886196805207,0.2338093157963525,0.310830172329268,0.6413793303764177,-0.18247447616035006
3,-0.04743752371493249,0.0019671738776289123,0.026973041675098126,-0.1359423020290844,-0.11168192354357204,-0.3102532295671189,-0.3980486661739803,0.10449213536054537,-0.028986063252190806,0.08625873147996524,0.8319651020294384
4,0.03849997016229375,0.10322755847068656,0.07154933010310725,-0.05633622718184035,0.014544651477988144,-0.15383582298266935,-0.021778709689944664,-0.04212116724928734,-0.9284815800060389,0.2725368180436022,-0.1307244142958129
