,AGEP,PINCP,POVPIP
0,-0.7001367405291711,0.706004606215406,-0.10661163427983637
1,-0.13055941243814012,0.020209058683628062,0.99123449988937
2,0.7019706435350384,0.707918844183252,0.07802644209018582
