,AGEP,DVET,EDU,HOUSING_TYPE,MSP,OWN_RENT,PINCP_DECILE,RAC1P,SEX
0,-0.4998057299410396,-0.07106053098906517,-0.5692835980526703,0.15567481101450203,-0.1467211890137706,-0.09099128616656708,-0.5888061433512745,0.13447921545416489,0.04735310080905486
1,0.07761816699081805,-0.022302352715000105,0.12350856052983182,0.6735634470931829,0.39923164658325705,-0.6004735578258826,-0.011662828755799631,-0.023893010335050546,0.062246643548456916
2,-0.051028141451960066,0.6186303444425253,-0.07942093627638513,0.07529543234999975,-0.1472435882164706,-0.14155313037776596,0.08853405886324844,0.10438112852220975,-0.7363856842050329
3,-0.20801078825285216,-0.19255590427150263,0.17537913507554204,0.022752657068110145,0.34120219142877467,0.2187107835200995,0.0960776361549154,0.8330627760491247,-0.14456959571619418
4,0.165837337372045,0.686981515199797,0.029633444012215404,0.004765381266893597,-0.06756593636978298,0.014247860690337847,-0.11078546960819952,0.3360544135756751,0.6080126470664252
